gene	position	entropy	events
ORF1a	2	0.003	1
ORF1a	4	0.006	1
ORF1a	7	0.003	1
ORF1a	10	0.003	1
ORF1a	12	0.003	1
ORF1a	16	0.003	1
ORF1a	19	0.003	1
ORF1a	20	0.003	1
ORF1a	22	0.003	1
ORF1a	24	0.033	10
ORF1a	25	0.006	2
ORF1a	27	0.006	2
ORF1a	29	0.003	1
ORF1a	30	0.003	1
ORF1a	32	0.003	1
ORF1a	33	0.003	1
ORF1a	34	0.009	2
ORF1a	35	0.003	1
ORF1a	37	0.006	2
ORF1a	38	0.003	1
ORF1a	40	0.006	2
ORF1a	42	0.009	3
ORF1a	43	0.009	3
ORF1a	44	0.003	1
ORF1a	45	0.003	1
ORF1a	46	0.003	1
ORF1a	47	0.572	4
ORF1a	48	0.003	1
ORF1a	49	0.003	1
ORF1a	50	0.006	2
ORF1a	51	0.003	1
ORF1a	53	0.003	1
ORF1a	54	0.009	3
ORF1a	55	0.009	3
ORF1a	56	0.003	1
ORF1a	57	0.009	3
ORF1a	58	0.009	2
ORF1a	59	0.003	1
ORF1a	60	0.009	3
ORF1a	61	0.006	2
ORF1a	62	0.006	2
ORF1a	63	0.003	1
ORF1a	64	0.006	2
ORF1a	73	0.012	2
ORF1a	74	0.003	1
ORF1a	75	0.009	2
ORF1a	78	0.017	6
ORF1a	80	0.003	1
ORF1a	81	0.013	4
ORF1a	82	0.147	46
ORF1a	83	0.11	46
ORF1a	84	0.149	61
ORF1a	85	0.223	79
ORF1a	86	0.084	33
ORF1a	87	0.017	6
ORF1a	89	0.01	3
ORF1a	90	0.003	1
ORF1a	92	0.006	2
ORF1a	93	0.012	4
ORF1a	94	0.012	4
ORF1a	95	0.006	2
ORF1a	99	0.008	2
ORF1a	100	0.003	1
ORF1a	102	0.003	1
ORF1a	104	0.003	1
ORF1a	108	0.003	1
ORF1a	110	0.072	7
ORF1a	111	0.003	1
ORF1a	112	0.009	3
ORF1a	114	0.006	2
ORF1a	115	0.003	1
ORF1a	117	0.003	1
ORF1a	119	0.006	2
ORF1a	120	0.042	5
ORF1a	121	0.006	2
ORF1a	122	0.008	2
ORF1a	123	0.006	2
ORF1a	124	0.011	4
ORF1a	125	0.003	1
ORF1a	129	0.003	1
ORF1a	130	0.006	2
ORF1a	131	0.006	2
ORF1a	134	0.006	2
ORF1a	135	0.484	11
ORF1a	137	0.003	1
ORF1a	138	0.009	3
ORF1a	139	0.012	4
ORF1a	140	0.003	1
ORF1a	141	0.151	40
ORF1a	142	0.16	42
ORF1a	143	0.189	43
ORF1a	146	0.006	2
ORF1a	148	0.006	1
ORF1a	149	0.003	1
ORF1a	150	0.003	1
ORF1a	153	0.003	1
ORF1a	160	0.003	1
ORF1a	166	0.006	2
ORF1a	170	0.011	3
ORF1a	182	0.006	2
ORF1a	183	0.003	1
ORF1a	184	0.006	2
ORF1a	188	0.003	1
ORF1a	190	0.003	1
ORF1a	192	0.017	6
ORF1a	193	0.014	5
ORF1a	194	0.003	1
ORF1a	196	0.003	1
ORF1a	199	0.003	1
ORF1a	203	0.012	3
ORF1a	206	0.009	3
ORF1a	207	0.029	9
ORF1a	209	0.003	1
ORF1a	212	0.003	1
ORF1a	214	0.003	1
ORF1a	216	0.017	4
ORF1a	217	0.003	1
ORF1a	220	0.003	1
ORF1a	222	0.003	1
ORF1a	223	0.003	1
ORF1a	224	0.011	4
ORF1a	225	0.003	1
ORF1a	226	0.003	1
ORF1a	227	0.003	1
ORF1a	229	0.006	2
ORF1a	232	0.003	1
ORF1a	245	0.003	1
ORF1a	246	0.008	2
ORF1a	247	0.003	1
ORF1a	252	0.003	1
ORF1a	255	0.003	1
ORF1a	257	0.006	2
ORF1a	261	0.022	1
ORF1a	263	0.006	2
ORF1a	265	0.075	3
ORF1a	267	0.003	1
ORF1a	268	0.006	2
ORF1a	269	0.003	1
ORF1a	271	0.017	5
ORF1a	274	0.029	4
ORF1a	279	0.015	4
ORF1a	280	0.003	1
ORF1a	286	0.003	1
ORF1a	287	0.003	1
ORF1a	290	0.009	2
ORF1a	291	0.003	1
ORF1a	292	0.003	1
ORF1a	293	0.003	1
ORF1a	295	0.006	2
ORF1a	298	0.003	1
ORF1a	300	0.012	2
ORF1a	302	0.013	5
ORF1a	305	0.003	1
ORF1a	306	0.003	1
ORF1a	308	0.006	2
ORF1a	309	0.038	11
ORF1a	313	0.006	2
ORF1a	315	0.006	1
ORF1a	316	0.003	1
ORF1a	318	0.006	2
ORF1a	320	0.003	1
ORF1a	322	0.015	5
ORF1a	325	0.003	1
ORF1a	327	0.003	1
ORF1a	333	0.012	3
ORF1a	334	0.014	5
ORF1a	337	0.003	1
ORF1a	340	0.012	3
ORF1a	345	0.003	1
ORF1a	347	0.003	1
ORF1a	348	0.006	2
ORF1a	350	0.018	7
ORF1a	352	0.029	2
ORF1a	359	0.006	2
ORF1a	361	0.012	4
ORF1a	363	0.003	1
ORF1a	365	0.003	1
ORF1a	368	0.006	2
ORF1a	371	0.012	4
ORF1a	374	0.003	1
ORF1a	375	0.003	1
ORF1a	376	0.011	4
ORF1a	377	0.003	1
ORF1a	378	0.006	2
ORF1a	379	0.006	2
ORF1a	380	0.021	3
ORF1a	381	0.003	1
ORF1a	388	0.003	1
ORF1a	391	0.024	2
ORF1a	392	0.015	3
ORF1a	396	0.003	1
ORF1a	397	0.003	1
ORF1a	398	0.014	5
ORF1a	399	0.009	3
ORF1a	400	0.037	4
ORF1a	401	0.006	2
ORF1a	403	0.017	6
ORF1a	411	0.003	1
ORF1a	417	0.021	8
ORF1a	419	0.006	1
ORF1a	424	0.003	1
ORF1a	427	0.033	2
ORF1a	428	0.006	2
ORF1a	429	0.006	2
ORF1a	431	0.003	1
ORF1a	433	0.003	1
ORF1a	440	0.003	1
ORF1a	442	0.009	3
ORF1a	443	0.013	4
ORF1a	445	0.018	6
ORF1a	446	0.015	5
ORF1a	447	0.006	2
ORF1a	450	0.006	2
ORF1a	451	0.008	3
ORF1a	453	0.006	2
ORF1a	454	0.006	2
ORF1a	460	0.006	1
ORF1a	464	0.003	1
ORF1a	465	0.003	1
ORF1a	466	0.006	2
ORF1a	468	0.003	1
ORF1a	469	0.049	4
ORF1a	470	0.003	1
ORF1a	471	0.006	2
ORF1a	472	0.003	1
ORF1a	475	0.003	1
ORF1a	479	0.006	2
ORF1a	480	0.003	1
ORF1a	485	0.003	1
ORF1a	486	0.011	4
ORF1a	488	0.003	1
ORF1a	489	0.003	1
ORF1a	491	0.003	1
ORF1a	494	0.003	1
ORF1a	498	0.011	4
ORF1a	505	0.024	2
ORF1a	506	0.003	1
ORF1a	508	0.003	1
ORF1a	510	0.003	1
ORF1a	515	0.003	1
ORF1a	516	0.006	2
ORF1a	517	0.003	1
ORF1a	519	0.045	16
ORF1a	520	0.003	1
ORF1a	522	0.003	1
ORF1a	525	0.003	1
ORF1a	526	0.003	1
ORF1a	528	0.006	2
ORF1a	529	0.006	2
ORF1a	531	0.01	3
ORF1a	533	0.006	2
ORF1a	534	0.003	1
ORF1a	537	0.01	3
ORF1a	538	0.012	4
ORF1a	539	0.003	1
ORF1a	540	0.082	13
ORF1a	542	0.01	3
ORF1a	543	0.003	1
ORF1a	544	0.003	1
ORF1a	545	0.006	2
ORF1a	546	0.003	1
ORF1a	547	0.003	1
ORF1a	548	0.003	1
ORF1a	550	0.016	5
ORF1a	552	0.006	2
ORF1a	554	0.003	1
ORF1a	555	0.008	3
ORF1a	556	0.553	6
ORF1a	558	0.012	4
ORF1a	560	0.009	3
ORF1a	561	0.017	1
ORF1a	564	0.006	2
ORF1a	565	0.008	3
ORF1a	567	0.011	2
ORF1a	568	0.006	2
ORF1a	569	0.003	1
ORF1a	572	0.003	1
ORF1a	573	0.003	1
ORF1a	575	0.003	1
ORF1a	576	0.006	2
ORF1a	579	0.003	1
ORF1a	580	0.015	5
ORF1a	583	0.006	2
ORF1a	584	0.011	3
ORF1a	585	0.006	2
ORF1a	586	0.003	1
ORF1a	587	0.003	1
ORF1a	589	0.006	2
ORF1a	591	0.003	1
ORF1a	592	0.003	1
ORF1a	593	0.003	1
ORF1a	594	0.003	1
ORF1a	596	0.003	1
ORF1a	599	0.019	5
ORF1a	601	0.003	1
ORF1a	603	0.006	2
ORF1a	604	0.003	1
ORF1a	607	0.003	1
ORF1a	609	0.006	2
ORF1a	610	0.011	4
ORF1a	614	0.003	1
ORF1a	616	0.006	1
ORF1a	618	0.006	2
ORF1a	619	0.003	1
ORF1a	620	0.006	2
ORF1a	622	0.003	1
ORF1a	624	0.003	1
ORF1a	625	0.003	1
ORF1a	626	0.003	1
ORF1a	627	0.027	7
ORF1a	628	0.003	1
ORF1a	629	0.014	2
ORF1a	630	0.009	2
ORF1a	631	0.003	1
ORF1a	632	0.003	1
ORF1a	634	0.006	2
ORF1a	636	0.003	1
ORF1a	637	0.003	1
ORF1a	640	0.003	1
ORF1a	642	0.017	7
ORF1a	645	0.006	2
ORF1a	646	0.003	1
ORF1a	647	0.003	1
ORF1a	649	0.003	1
ORF1a	653	0.003	1
ORF1a	654	0.009	3
ORF1a	655	0.003	1
ORF1a	656	0.013	5
ORF1a	657	0.008	2
ORF1a	658	0.003	1
ORF1a	659	0.006	2
ORF1a	661	0.006	2
ORF1a	665	0.006	1
ORF1a	667	0.006	2
ORF1a	668	0.003	1
ORF1a	669	0.009	3
ORF1a	671	0.006	2
ORF1a	674	0.003	1
ORF1a	675	0.003	1
ORF1a	676	0.003	1
ORF1a	677	0.006	2
ORF1a	678	0.024	2
ORF1a	680	0.003	1
ORF1a	681	0.022	7
ORF1a	682	0.003	1
ORF1a	690	0.008	3
ORF1a	692	0.003	1
ORF1a	708	0.015	6
ORF1a	710	0.003	1
ORF1a	711	0.003	1
ORF1a	716	0.003	1
ORF1a	718	0.008	2
ORF1a	722	0.003	1
ORF1a	724	0.003	1
ORF1a	726	0.003	1
ORF1a	727	0.046	4
ORF1a	728	0.003	1
ORF1a	730	0.003	1
ORF1a	731	0.009	3
ORF1a	737	0.003	1
ORF1a	739	0.003	1
ORF1a	743	0.021	4
ORF1a	747	0.006	1
ORF1a	748	0.006	2
ORF1a	751	0.003	1
ORF1a	753	0.006	2
ORF1a	754	0.006	2
ORF1a	755	0.009	3
ORF1a	758	0.003	1
ORF1a	760	0.003	1
ORF1a	762	0.003	1
ORF1a	765	0.006	2
ORF1a	771	0.012	2
ORF1a	773	0.003	1
ORF1a	776	0.003	1
ORF1a	778	0.003	1
ORF1a	781	0.003	1
ORF1a	782	0.006	2
ORF1a	792	0.003	1
ORF1a	798	0.008	3
ORF1a	800	0.003	1
ORF1a	801	0.003	1
ORF1a	804	0.006	2
ORF1a	805	0.003	1
ORF1a	808	0.006	1
ORF1a	812	0.003	1
ORF1a	814	0.017	5
ORF1a	827	0.003	1
ORF1a	831	0.003	1
ORF1a	835	0.003	1
ORF1a	841	0.003	1
ORF1a	842	0.487	15
ORF1a	843	0.003	1
ORF1a	847	0.003	1
ORF1a	849	0.006	2
ORF1a	851	0.003	1
ORF1a	852	0.003	1
ORF1a	854	0.003	1
ORF1a	856	0.11	2
ORF1a	866	0.006	2
ORF1a	868	0.003	1
ORF1a	873	0.006	2
ORF1a	874	0.006	2
ORF1a	876	0.003	1
ORF1a	882	0.003	1
ORF1a	884	0.003	1
ORF1a	885	0.003	1
ORF1a	887	0.011	1
ORF1a	888	0.003	1
ORF1a	891	0.015	4
ORF1a	892	0.003	1
ORF1a	894	0.003	1
ORF1a	897	0.003	1
ORF1a	899	0.003	1
ORF1a	902	0.012	4
ORF1a	903	0.014	5
ORF1a	911	0.003	1
ORF1a	912	0.003	1
ORF1a	913	0.003	1
ORF1a	914	0.003	1
ORF1a	919	0.008	2
ORF1a	923	0.003	1
ORF1a	926	0.003	1
ORF1a	927	0.006	2
ORF1a	928	0.008	3
ORF1a	934	0.009	3
ORF1a	935	0.003	1
ORF1a	936	0.006	1
ORF1a	937	0.003	1
ORF1a	938	0.003	1
ORF1a	939	0.012	4
ORF1a	940	0.006	2
ORF1a	941	0.003	1
ORF1a	943	0.012	4
ORF1a	944	0.015	6
ORF1a	948	0.003	1
ORF1a	953	0.003	1
ORF1a	958	0.003	1
ORF1a	959	0.019	5
ORF1a	960	0.003	1
ORF1a	963	0.006	2
ORF1a	965	0.003	1
ORF1a	967	0.008	2
ORF1a	968	0.012	2
ORF1a	969	0.011	3
ORF1a	971	0.047	13
ORF1a	974	0.003	1
ORF1a	976	0.003	1
ORF1a	981	0.01	3
ORF1a	982	0.003	1
ORF1a	983	0.016	3
ORF1a	984	0.003	1
ORF1a	985	0.003	1
ORF1a	989	0.009	3
ORF1a	992	0.009	3
ORF1a	993	0.03	5
ORF1a	994	0.003	1
ORF1a	995	0.01	3
ORF1a	996	0.006	2
ORF1a	997	0.008	2
ORF1a	998	0.011	4
ORF1a	999	0.008	3
ORF1a	1000	0.003	1
ORF1a	1001	0.089	5
ORF1a	1003	0.003	1
ORF1a	1004	0.006	2
ORF1a	1005	0.006	2
ORF1a	1006	0.006	2
ORF1a	1007	0.003	1
ORF1a	1008	0.003	1
ORF1a	1009	0.003	1
ORF1a	1010	0.015	4
ORF1a	1011	0.006	2
ORF1a	1012	0.003	1
ORF1a	1013	0.006	2
ORF1a	1014	0.006	1
ORF1a	1015	0.006	2
ORF1a	1017	0.006	2
ORF1a	1018	0.009	3
ORF1a	1021	0.003	1
ORF1a	1022	0.012	3
ORF1a	1023	0.003	1
ORF1a	1024	0.006	2
ORF1a	1025	0.044	2
ORF1a	1026	0.003	1
ORF1a	1029	0.003	1
ORF1a	1033	0.003	1
ORF1a	1036	0.012	4
ORF1a	1039	0.003	1
ORF1a	1043	0.006	2
ORF1a	1045	0.003	1
ORF1a	1047	0.003	1
ORF1a	1049	0.015	4
ORF1a	1050	0.003	1
ORF1a	1051	0.003	1
ORF1a	1054	0.012	4
ORF1a	1055	0.021	6
ORF1a	1056	0.011	3
ORF1a	1060	0.003	1
ORF1a	1061	0.009	2
ORF1a	1062	0.003	1
ORF1a	1066	0.003	1
ORF1a	1070	0.003	1
ORF1a	1071	0.008	2
ORF1a	1073	0.009	3
ORF1a	1074	0.012	3
ORF1a	1078	0.003	1
ORF1a	1081	0.003	1
ORF1a	1082	0.003	1
ORF1a	1083	0.006	2
ORF1a	1085	0.003	1
ORF1a	1089	0.003	1
ORF1a	1091	0.006	1
ORF1a	1092	0.003	1
ORF1a	1093	0.01	3
ORF1a	1094	0.003	1
ORF1a	1095	0.006	2
ORF1a	1096	0.012	4
ORF1a	1097	0.003	1
ORF1a	1099	0.003	1
ORF1a	1100	0.003	1
ORF1a	1101	0.006	2
ORF1a	1102	0.003	1
ORF1a	1103	0.003	1
ORF1a	1104	0.003	1
ORF1a	1108	0.006	2
ORF1a	1113	0.022	7
ORF1a	1114	0.006	2
ORF1a	1115	0.012	4
ORF1a	1116	0.006	2
ORF1a	1117	0.003	1
ORF1a	1119	0.003	1
ORF1a	1121	0.006	2
ORF1a	1122	0.003	1
ORF1a	1125	0.003	1
ORF1a	1126	0.003	1
ORF1a	1127	0.003	1
ORF1a	1128	0.006	2
ORF1a	1130	0.013	5
ORF1a	1133	0.011	1
ORF1a	1136	0.003	1
ORF1a	1137	0.006	1
ORF1a	1138	0.003	1
ORF1a	1140	0.003	1
ORF1a	1141	0.012	3
ORF1a	1142	0.003	1
ORF1a	1143	0.003	1
ORF1a	1146	0.003	1
ORF1a	1148	0.003	1
ORF1a	1151	0.006	2
ORF1a	1153	0.003	1
ORF1a	1155	0.013	3
ORF1a	1157	0.006	2
ORF1a	1158	0.014	5
ORF1a	1159	0.003	1
ORF1a	1160	0.008	3
ORF1a	1166	0.003	1
ORF1a	1167	0.003	1
ORF1a	1168	0.028	5
ORF1a	1170	0.003	1
ORF1a	1175	0.012	3
ORF1a	1176	0.025	2
ORF1a	1177	0.003	1
ORF1a	1181	0.003	1
ORF1a	1182	0.006	1
ORF1a	1188	0.042	4
ORF1a	1190	0.003	1
ORF1a	1193	0.006	2
ORF1a	1194	0.003	1
ORF1a	1195	0.006	2
ORF1a	1196	0.006	2
ORF1a	1198	0.151	5
ORF1a	1201	0.003	1
ORF1a	1202	0.012	3
ORF1a	1203	0.011	3
ORF1a	1204	0.009	3
ORF1a	1205	0.003	1
ORF1a	1206	0.009	3
ORF1a	1207	0.024	7
ORF1a	1208	0.006	2
ORF1a	1209	0.012	4
ORF1a	1210	0.006	2
ORF1a	1211	0.014	3
ORF1a	1212	0.003	1
ORF1a	1213	0.009	2
ORF1a	1215	0.003	1
ORF1a	1217	0.003	1
ORF1a	1218	0.003	1
ORF1a	1220	0.006	2
ORF1a	1221	0.285	3
ORF1a	1222	0.003	1
ORF1a	1223	0.003	1
ORF1a	1225	0.003	1
ORF1a	1227	0.003	1
ORF1a	1228	0.014	3
ORF1a	1229	0.003	1
ORF1a	1232	0.009	2
ORF1a	1234	0.003	1
ORF1a	1236	0.003	1
ORF1a	1240	0.003	1
ORF1a	1241	0.003	1
ORF1a	1246	0.037	2
ORF1a	1247	0.003	1
ORF1a	1249	0.006	1
ORF1a	1268	0.003	1
ORF1a	1270	0.003	1
ORF1a	1276	0.003	1
ORF1a	1278	0.003	1
ORF1a	1282	0.003	1
ORF1a	1283	0.008	1
ORF1a	1286	0.006	1
ORF1a	1291	0.003	1
ORF1a	1292	0.003	1
ORF1a	1293	0.006	2
ORF1a	1294	0.003	1
ORF1a	1295	0.006	2
ORF1a	1305	0.003	1
ORF1a	1306	0.173	2
ORF1a	1307	0.482	6
ORF1a	1310	0.003	1
ORF1a	1319	0.003	1
ORF1a	1322	0.008	3
ORF1a	1323	0.006	2
ORF1a	1325	0.003	1
ORF1a	1344	0.006	2
ORF1a	1352	0.011	3
ORF1a	1356	0.003	1
ORF1a	1363	0.003	1
ORF1a	1376	0.003	1
ORF1a	1378	0.008	3
ORF1a	1382	0.003	1
ORF1a	1384	0.008	3
ORF1a	1385	0.019	8
ORF1a	1386	0.027	11
ORF1a	1387	0.022	9
ORF1a	1388	0.019	8
ORF1a	1389	0.019	8
ORF1a	1390	0.019	8
ORF1a	1391	0.019	8
ORF1a	1392	0.022	9
ORF1a	1393	0.024	10
ORF1a	1394	0.024	10
ORF1a	1395	0.024	10
ORF1a	1396	0.024	10
ORF1a	1397	0.027	11
ORF1a	1398	0.029	12
ORF1a	1399	0.037	14
ORF1a	1400	0.024	10
ORF1a	1401	0.024	10
ORF1a	1402	0.024	10
ORF1a	1403	0.022	9
ORF1a	1404	0.025	10
ORF1a	1405	0.022	9
ORF1a	1406	0.019	8
ORF1a	1407	0.023	9
ORF1a	1408	0.019	8
ORF1a	1409	0.019	8
ORF1a	1410	0.019	8
ORF1a	1411	0.019	8
ORF1a	1412	0.019	8
ORF1a	1413	0.023	9
ORF1a	1414	0.017	7
ORF1a	1415	0.017	7
ORF1a	1416	0.017	7
ORF1a	1417	0.017	7
ORF1a	1418	0.021	8
ORF1a	1419	0.017	7
ORF1a	1420	0.017	7
ORF1a	1421	0.017	7
ORF1a	1422	0.017	7
ORF1a	1423	0.017	7
ORF1a	1424	0.015	6
ORF1a	1425	0.015	6
ORF1a	1426	0.015	6
ORF1a	1427	0.015	6
ORF1a	1428	0.013	5
ORF1a	1429	0.028	8
ORF1a	1430	0.016	6
ORF1a	1431	0.016	6
ORF1a	1432	0.013	5
ORF1a	1433	0.014	5
ORF1a	1434	0.011	4
ORF1a	1435	0.011	4
ORF1a	1436	0.014	5
ORF1a	1437	0.019	6
ORF1a	1438	0.011	4
ORF1a	1439	0.011	4
ORF1a	1440	0.011	4
ORF1a	1441	0.008	3
ORF1a	1442	0.008	3
ORF1a	1443	0.008	3
ORF1a	1444	0.008	3
ORF1a	1445	0.008	3
ORF1a	1446	0.006	2
ORF1a	1447	0.006	2
ORF1a	1448	0.006	2
ORF1a	1449	0.006	2
ORF1a	1450	0.006	2
ORF1a	1451	0.006	2
ORF1a	1452	0.003	1
ORF1a	1453	0.009	2
ORF1a	1454	0.006	2
ORF1a	1455	0.003	1
ORF1a	1456	0.003	1
ORF1a	1457	0.006	2
ORF1a	1458	0.003	1
ORF1a	1459	0.003	1
ORF1a	1460	0.009	3
ORF1a	1464	0.006	2
ORF1a	1465	0.003	1
ORF1a	1468	0.003	1
ORF1a	1470	0.003	1
ORF1a	1472	0.009	3
ORF1a	1473	0.003	1
ORF1a	1474	0.006	1
ORF1a	1476	0.006	2
ORF1a	1489	0.003	1
ORF1a	1495	0.003	1
ORF1a	1496	0.022	4
ORF1a	1497	0.015	5
ORF1a	1498	0.003	1
ORF1a	1500	0.003	1
ORF1a	1507	0.013	5
ORF1a	1510	0.006	2
ORF1a	1511	0.003	1
ORF1a	1512	0.003	1
ORF1a	1513	0.003	1
ORF1a	1517	0.003	1
ORF1a	1520	0.009	2
ORF1a	1521	0.003	1
ORF1a	1525	0.003	1
ORF1a	1529	0.003	1
ORF1a	1530	0.003	1
ORF1a	1538	0.011	2
ORF1a	1542	0.013	4
ORF1a	1543	0.028	4
ORF1a	1545	0.018	2
ORF1a	1547	0.006	2
ORF1a	1551	0.003	1
ORF1a	1553	0.003	1
ORF1a	1554	0.009	3
ORF1a	1555	0.006	2
ORF1a	1562	0.003	1
ORF1a	1567	0.009	3
ORF1a	1577	0.006	2
ORF1a	1581	0.009	2
ORF1a	1583	0.003	1
ORF1a	1586	0.012	4
ORF1a	1587	0.006	2
ORF1a	1589	0.006	2
ORF1a	1591	0.003	1
ORF1a	1592	0.003	1
ORF1a	1594	0.003	1
ORF1a	1595	0.003	1
ORF1a	1596	0.011	4
ORF1a	1597	0.006	2
ORF1a	1600	0.003	1
ORF1a	1609	0.003	1
ORF1a	1610	0.003	1
ORF1a	1612	0.006	2
ORF1a	1613	0.003	1
ORF1a	1615	0.003	1
ORF1a	1620	0.003	1
ORF1a	1628	0.003	1
ORF1a	1631	0.006	2
ORF1a	1632	0.008	2
ORF1a	1636	0.006	1
ORF1a	1637	0.006	2
ORF1a	1638	0.003	1
ORF1a	1640	0.359	12
ORF1a	1641	0.003	1
ORF1a	1642	0.003	1
ORF1a	1643	0.003	1
ORF1a	1644	0.003	1
ORF1a	1647	0.012	4
ORF1a	1654	0.003	1
ORF1a	1655	0.022	3
ORF1a	1657	0.006	1
ORF1a	1659	0.003	1
ORF1a	1665	0.008	3
ORF1a	1668	0.006	2
ORF1a	1674	0.003	1
ORF1a	1679	0.014	5
ORF1a	1682	0.008	3
ORF1a	1683	0.003	1
ORF1a	1686	0.006	2
ORF1a	1692	0.011	3
ORF1a	1693	0.003	1
ORF1a	1694	0.003	1
ORF1a	1701	0.003	1
ORF1a	1708	0.083	1
ORF1a	1714	0.045	3
ORF1a	1716	0.006	1
ORF1a	1720	0.003	1
ORF1a	1724	0.006	2
ORF1a	1727	0.003	1
ORF1a	1734	0.003	1
ORF1a	1738	0.008	3
ORF1a	1739	0.003	1
ORF1a	1748	0.003	1
ORF1a	1750	0.014	2
ORF1a	1754	0.008	3
ORF1a	1758	0.006	2
ORF1a	1760	0.003	1
ORF1a	1761	0.003	1
ORF1a	1762	0.003	1
ORF1a	1763	0.01	3
ORF1a	1765	0.006	2
ORF1a	1766	0.003	1
ORF1a	1769	0.009	3
ORF1a	1771	0.003	1
ORF1a	1773	0.006	2
ORF1a	1781	0.003	1
ORF1a	1785	0.003	1
ORF1a	1786	0.022	8
ORF1a	1788	0.016	4
ORF1a	1794	0.006	2
ORF1a	1795	0.04	2
ORF1a	1797	0.003	1
ORF1a	1799	0.003	1
ORF1a	1803	0.012	4
ORF1a	1806	0.003	1
ORF1a	1810	0.012	3
ORF1a	1812	0.025	4
ORF1a	1813	0.003	1
ORF1a	1814	0.003	1
ORF1a	1819	0.135	2
ORF1a	1820	0.003	1
ORF1a	1822	0.025	10
ORF1a	1824	0.008	3
ORF1a	1840	0.015	5
ORF1a	1844	0.011	2
ORF1a	1849	0.003	1
ORF1a	1851	0.011	1
ORF1a	1853	0.018	5
ORF1a	1854	0.003	1
ORF1a	1856	0.003	1
ORF1a	1857	0.008	3
ORF1a	1859	0.003	1
ORF1a	1860	0.008	1
ORF1a	1862	0.003	1
ORF1a	1867	0.003	1
ORF1a	1871	0.003	1
ORF1a	1872	0.003	1
ORF1a	1874	0.006	2
ORF1a	1881	0.006	2
ORF1a	1887	0.015	2
ORF1a	1891	0.009	2
ORF1a	1892	0.003	1
ORF1a	1893	0.006	2
ORF1a	1895	0.009	2
ORF1a	1896	0.003	1
ORF1a	1903	0.003	1
ORF1a	1905	0.003	1
ORF1a	1920	0.022	8
ORF1a	1921	0.034	11
ORF1a	1924	0.006	1
ORF1a	1925	0.003	1
ORF1a	1930	0.003	1
ORF1a	1931	0.003	1
ORF1a	1937	0.003	1
ORF1a	1938	0.003	1
ORF1a	1939	0.006	2
ORF1a	1940	0.003	1
ORF1a	1942	0.003	1
ORF1a	1947	0.003	1
ORF1a	1950	0.006	2
ORF1a	1951	0.003	1
ORF1a	1952	0.003	1
ORF1a	1953	0.003	1
ORF1a	1955	0.003	1
ORF1a	1962	0.003	1
ORF1a	1970	0.003	1
ORF1a	1976	0.006	2
ORF1a	1977	0.009	3
ORF1a	1978	0.006	2
ORF1a	1988	0.003	1
ORF1a	1991	0.003	1
ORF1a	1997	0.023	7
ORF1a	1998	0.006	2
ORF1a	2001	0.006	2
ORF1a	2002	0.003	1
ORF1a	2004	0.003	1
ORF1a	2007	0.027	8
ORF1a	2010	0.003	1
ORF1a	2014	0.003	1
ORF1a	2015	0.008	1
ORF1a	2016	0.034	9
ORF1a	2018	0.031	10
ORF1a	2019	0.006	2
ORF1a	2020	0.003	1
ORF1a	2021	0.003	1
ORF1a	2022	0.006	2
ORF1a	2023	0.003	1
ORF1a	2024	0.022	5
ORF1a	2025	0.006	2
ORF1a	2026	0.006	2
ORF1a	2029	0.003	1
ORF1a	2030	0.012	4
ORF1a	2031	0.009	3
ORF1a	2032	0.003	1
ORF1a	2033	0.008	2
ORF1a	2035	0.003	1
ORF1a	2036	0.006	2
ORF1a	2037	0.003	1
ORF1a	2039	0.006	2
ORF1a	2040	0.008	1
ORF1a	2043	0.006	2
ORF1a	2046	0.191	10
ORF1a	2047	0.003	1
ORF1a	2048	0.006	2
ORF1a	2055	0.006	2
ORF1a	2056	0.003	1
ORF1a	2060	0.011	4
ORF1a	2061	0.015	5
ORF1a	2062	0.013	5
ORF1a	2063	0.003	1
ORF1a	2065	0.003	1
ORF1a	2068	0.006	2
ORF1a	2070	0.003	1
ORF1a	2071	0.006	2
ORF1a	2073	0.003	1
ORF1a	2074	0.003	1
ORF1a	2076	0.003	1
ORF1a	2078	0.003	1
ORF1a	2079	0.003	1
ORF1a	2081	0.006	1
ORF1a	2083	0.111	3
ORF1a	2084	0.114	4
ORF1a	2085	0.006	2
ORF1a	2087	0.011	4
ORF1a	2088	0.003	1
ORF1a	2089	0.009	2
ORF1a	2091	0.03	4
ORF1a	2092	0.015	4
ORF1a	2093	0.008	3
ORF1a	2094	0.003	1
ORF1a	2096	0.003	1
ORF1a	2097	0.014	2
ORF1a	2098	0.003	1
ORF1a	2103	0.029	7
ORF1a	2104	0.025	2
ORF1a	2106	0.015	5
ORF1a	2110	0.008	2
ORF1a	2114	0.016	6
ORF1a	2115	0.003	1
ORF1a	2116	0.008	2
ORF1a	2121	0.031	7
ORF1a	2123	0.008	3
ORF1a	2124	0.019	8
ORF1a	2125	0.006	2
ORF1a	2128	0.003	1
ORF1a	2129	0.006	2
ORF1a	2130	0.008	2
ORF1a	2132	0.003	1
ORF1a	2133	0.003	1
ORF1a	2134	0.003	1
ORF1a	2136	0.003	1
ORF1a	2140	0.003	1
ORF1a	2141	0.003	1
ORF1a	2144	0.003	1
ORF1a	2146	0.017	6
ORF1a	2147	0.003	1
ORF1a	2152	0.014	5
ORF1a	2153	0.003	1
ORF1a	2154	0.017	5
ORF1a	2157	0.006	2
ORF1a	2158	0.006	2
ORF1a	2159	0.008	3
ORF1a	2164	0.003	1
ORF1a	2169	0.04	1
ORF1a	2173	0.006	1
ORF1a	2174	0.04	1
ORF1a	2181	0.003	1
ORF1a	2183	0.015	6
ORF1a	2185	0.006	2
ORF1a	2193	0.013	5
ORF1a	2197	0.003	1
ORF1a	2200	0.009	3
ORF1a	2201	0.003	1
ORF1a	2204	0.006	2
ORF1a	2205	0.003	1
ORF1a	2207	0.01	3
ORF1a	2208	0.003	1
ORF1a	2209	0.003	1
ORF1a	2210	0.015	5
ORF1a	2211	0.003	1
ORF1a	2212	0.003	1
ORF1a	2214	0.008	2
ORF1a	2222	0.003	1
ORF1a	2224	0.013	5
ORF1a	2229	0.003	1
ORF1a	2230	0.085	2
ORF1a	2232	0.003	1
ORF1a	2234	0.003	1
ORF1a	2239	0.003	1
ORF1a	2242	0.008	3
ORF1a	2244	0.003	1
ORF1a	2246	0.003	1
ORF1a	2249	0.011	3
ORF1a	2250	0.003	1
ORF1a	2255	0.008	3
ORF1a	2256	0.003	1
ORF1a	2258	0.003	1
ORF1a	2259	0.017	2
ORF1a	2261	0.003	1
ORF1a	2264	0.014	5
ORF1a	2265	0.003	1
ORF1a	2266	0.003	1
ORF1a	2267	0.003	1
ORF1a	2269	0.003	1
ORF1a	2273	0.003	1
ORF1a	2274	0.006	2
ORF1a	2276	0.022	1
ORF1a	2277	0.006	2
ORF1a	2279	0.008	3
ORF1a	2283	0.008	3
ORF1a	2284	0.006	2
ORF1a	2285	0.008	2
ORF1a	2286	0.006	2
ORF1a	2287	0.182	4
ORF1a	2300	0.008	2
ORF1a	2303	0.003	1
ORF1a	2305	0.003	1
ORF1a	2306	0.003	1
ORF1a	2307	0.003	1
ORF1a	2308	0.003	1
ORF1a	2309	0.003	1
ORF1a	2310	0.003	1
ORF1a	2311	0.003	1
ORF1a	2312	0.003	1
ORF1a	2313	0.003	1
ORF1a	2314	0.003	1
ORF1a	2315	0.003	1
ORF1a	2316	0.003	1
ORF1a	2317	0.006	2
ORF1a	2318	0.003	1
ORF1a	2319	0.003	1
ORF1a	2320	0.006	2
ORF1a	2321	0.003	1
ORF1a	2322	0.003	1
ORF1a	2323	0.003	1
ORF1a	2324	0.003	1
ORF1a	2325	0.003	1
ORF1a	2326	0.003	1
ORF1a	2327	0.006	2
ORF1a	2328	0.006	2
ORF1a	2329	0.003	1
ORF1a	2330	0.003	1
ORF1a	2331	0.003	1
ORF1a	2332	0.009	3
ORF1a	2333	0.006	2
ORF1a	2334	0.003	1
ORF1a	2335	0.003	1
ORF1a	2336	0.006	2
ORF1a	2337	0.003	1
ORF1a	2338	0.003	1
ORF1a	2339	0.003	1
ORF1a	2340	0.003	1
ORF1a	2341	0.003	1
ORF1a	2342	0.003	1
ORF1a	2343	0.003	1
ORF1a	2344	0.003	1
ORF1a	2345	0.014	5
ORF1a	2346	0.006	2
ORF1a	2347	0.006	2
ORF1a	2348	0.006	2
ORF1a	2349	0.006	2
ORF1a	2350	0.003	1
ORF1a	2351	0.003	1
ORF1a	2352	0.006	2
ORF1a	2353	0.003	1
ORF1a	2354	0.003	1
ORF1a	2357	0.006	2
ORF1a	2365	0.003	1
ORF1a	2372	0.003	1
ORF1a	2374	0.003	1
ORF1a	2375	0.003	1
ORF1a	2376	0.003	1
ORF1a	2379	0.003	1
ORF1a	2387	0.015	1
ORF1a	2388	0.003	1
ORF1a	2393	0.003	1
ORF1a	2405	0.003	1
ORF1a	2407	0.003	1
ORF1a	2410	0.006	2
ORF1a	2423	0.003	1
ORF1a	2432	0.003	1
ORF1a	2454	0.003	1
ORF1a	2460	0.003	1
ORF1a	2469	0.003	1
ORF1a	2483	0.006	1
ORF1a	2486	0.003	1
ORF1a	2488	0.009	3
ORF1a	2490	0.003	1
ORF1a	2491	0.003	1
ORF1a	2492	0.003	1
ORF1a	2493	0.008	3
ORF1a	2494	0.003	1
ORF1a	2495	0.006	2
ORF1a	2497	0.003	1
ORF1a	2500	0.015	4
ORF1a	2501	0.011	2
ORF1a	2503	0.009	3
ORF1a	2508	0.008	2
ORF1a	2509	0.003	1
ORF1a	2511	0.017	6
ORF1a	2517	0.006	2
ORF1a	2518	0.003	1
ORF1a	2520	0.003	1
ORF1a	2529	0.029	4
ORF1a	2531	0.003	1
ORF1a	2534	0.006	2
ORF1a	2535	0.024	9
ORF1a	2537	0.003	1
ORF1a	2538	0.003	1
ORF1a	2541	0.003	1
ORF1a	2545	0.003	1
ORF1a	2550	0.003	1
ORF1a	2551	0.006	2
ORF1a	2552	0.003	1
ORF1a	2554	0.019	5
ORF1a	2555	0.011	2
ORF1a	2556	0.003	1
ORF1a	2577	0.008	3
ORF1a	2579	0.017	3
ORF1a	2582	0.003	1
ORF1a	2583	0.006	2
ORF1a	2584	0.008	2
ORF1a	2587	0.012	3
ORF1a	2588	0.009	3
ORF1a	2589	0.003	1
ORF1a	2592	0.008	2
ORF1a	2593	0.003	1
ORF1a	2595	0.003	1
ORF1a	2604	0.023	3
ORF1a	2606	0.008	1
ORF1a	2607	0.003	1
ORF1a	2609	0.011	4
ORF1a	2611	0.003	1
ORF1a	2613	0.014	3
ORF1a	2614	0.006	2
ORF1a	2615	0.008	3
ORF1a	2618	0.006	2
ORF1a	2621	0.006	2
ORF1a	2622	0.003	1
ORF1a	2625	0.008	3
ORF1a	2627	0.003	1
ORF1a	2629	0.006	1
ORF1a	2631	0.003	1
ORF1a	2632	0.006	2
ORF1a	2636	0.006	2
ORF1a	2637	0.006	2
ORF1a	2639	0.003	1
ORF1a	2640	0.003	1
ORF1a	2648	0.042	2
ORF1a	2650	0.003	1
ORF1a	2651	0.003	1
ORF1a	2659	0.008	3
ORF1a	2661	0.006	2
ORF1a	2665	0.006	2
ORF1a	2670	0.003	1
ORF1a	2680	0.003	1
ORF1a	2684	0.014	5
ORF1a	2685	0.018	4
ORF1a	2695	0.003	1
ORF1a	2698	0.003	1
ORF1a	2702	0.008	3
ORF1a	2703	0.003	1
ORF1a	2710	0.108	1
ORF1a	2712	0.003	1
ORF1a	2729	0.003	1
ORF1a	2731	0.006	1
ORF1a	2739	0.011	3
ORF1a	2746	0.006	1
ORF1a	2761	0.014	3
ORF1a	2769	0.003	1
ORF1a	2771	0.003	1
ORF1a	2777	0.011	4
ORF1a	2778	0.011	2
ORF1a	2779	0.003	1
ORF1a	2780	0.006	2
ORF1a	2781	0.006	2
ORF1a	2783	0.003	1
ORF1a	2784	0.008	3
ORF1a	2785	0.006	2
ORF1a	2786	0.003	1
ORF1a	2787	0.003	1
ORF1a	2791	0.003	1
ORF1a	2793	0.003	1
ORF1a	2796	0.014	5
ORF1a	2797	0.015	6
ORF1a	2798	0.003	1
ORF1a	2799	0.009	3
ORF1a	2806	0.003	1
ORF1a	2809	0.003	1
ORF1a	2812	0.003	1
ORF1a	2823	0.006	1
ORF1a	2825	0.003	1
ORF1a	2828	0.008	2
ORF1a	2831	0.003	1
ORF1a	2836	0.015	4
ORF1a	2838	0.003	1
ORF1a	2840	0.003	1
ORF1a	2846	0.013	4
ORF1a	2848	0.003	1
ORF1a	2850	0.003	1
ORF1a	2854	0.006	2
ORF1a	2855	0.014	4
ORF1a	2856	0.003	1
ORF1a	2857	0.013	5
ORF1a	2858	0.006	2
ORF1a	2862	0.003	1
ORF1a	2864	0.003	1
ORF1a	2866	0.017	5
ORF1a	2868	0.011	1
ORF1a	2869	0.006	2
ORF1a	2872	0.003	1
ORF1a	2873	0.029	2
ORF1a	2875	0.003	1
ORF1a	2876	0.003	1
ORF1a	2877	0.013	5
ORF1a	2878	0.003	1
ORF1a	2881	0.003	1
ORF1a	2892	0.003	1
ORF1a	2894	0.003	1
ORF1a	2900	0.008	3
ORF1a	2901	0.003	1
ORF1a	2903	0.003	1
ORF1a	2906	0.012	4
ORF1a	2907	0.003	1
ORF1a	2909	0.07	3
ORF1a	2910	0.006	2
ORF1a	2911	0.003	1
ORF1a	2926	0.006	2
ORF1a	2928	0.003	1
ORF1a	2930	0.181	3
ORF1a	2936	0.006	1
ORF1a	2938	0.003	1
ORF1a	2941	0.003	1
ORF1a	2947	0.003	1
ORF1a	2950	0.012	4
ORF1a	2952	0.012	3
ORF1a	2955	0.003	1
ORF1a	2957	0.003	1
ORF1a	2960	0.006	1
ORF1a	2963	0.006	2
ORF1a	2965	0.003	1
ORF1a	2966	0.003	1
ORF1a	2967	0.028	4
ORF1a	2971	0.003	1
ORF1a	2977	0.003	1
ORF1a	2980	0.003	1
ORF1a	2981	0.003	1
ORF1a	2994	0.011	4
ORF1a	2996	0.003	1
ORF1a	3001	0.003	1
ORF1a	3003	0.003	1
ORF1a	3027	0.478	3
ORF1a	3028	0.006	2
ORF1a	3032	0.008	2
ORF1a	3036	0.003	1
ORF1a	3040	0.006	1
ORF1a	3042	0.006	2
ORF1a	3051	0.003	1
ORF1a	3052	0.003	1
ORF1a	3056	0.003	1
ORF1a	3057	0.003	1
ORF1a	3059	0.008	1
ORF1a	3063	0.003	1
ORF1a	3066	0.003	1
ORF1a	3070	0.003	1
ORF1a	3071	0.006	1
ORF1a	3076	0.003	1
ORF1a	3081	0.003	1
ORF1a	3082	0.003	1
ORF1a	3085	0.003	1
ORF1a	3087	0.014	4
ORF1a	3090	0.488	6
ORF1a	3091	0.003	1
ORF1a	3099	0.006	2
ORF1a	3116	0.008	3
ORF1a	3121	0.003	1
ORF1a	3122	0.003	1
ORF1a	3123	0.003	1
ORF1a	3126	0.003	1
ORF1a	3127	0.003	1
ORF1a	3129	0.003	1
ORF1a	3131	0.003	1
ORF1a	3134	0.009	3
ORF1a	3140	0.003	1
ORF1a	3143	0.015	6
ORF1a	3149	0.008	2
ORF1a	3158	0.012	3
ORF1a	3162	0.003	1
ORF1a	3163	0.006	2
ORF1a	3164	0.003	1
ORF1a	3177	0.003	1
ORF1a	3195	0.003	1
ORF1a	3196	0.003	1
ORF1a	3197	0.01	3
ORF1a	3198	0.003	1
ORF1a	3199	0.003	1
ORF1a	3200	0.003	1
ORF1a	3201	0.685	13
ORF1a	3203	0.003	1
ORF1a	3209	0.07	6
ORF1a	3210	0.003	1
ORF1a	3212	0.003	1
ORF1a	3221	0.003	1
ORF1a	3222	0.006	2
ORF1a	3224	0.012	3
ORF1a	3228	0.003	1
ORF1a	3235	0.009	2
ORF1a	3244	0.003	1
ORF1a	3255	0.354	7
ORF1a	3270	0.003	1
ORF1a	3276	0.003	1
ORF1a	3278	0.04	2
ORF1a	3280	0.009	3
ORF1a	3281	0.003	1
ORF1a	3282	0.003	1
ORF1a	3284	0.008	3
ORF1a	3293	0.028	1
ORF1a	3301	0.006	2
ORF1a	3302	0.006	2
ORF1a	3303	0.006	2
ORF1a	3304	0.006	2
ORF1a	3305	0.006	2
ORF1a	3306	0.006	2
ORF1a	3307	0.006	2
ORF1a	3308	0.017	3
ORF1a	3309	0.009	3
ORF1a	3310	0.006	2
ORF1a	3311	0.006	2
ORF1a	3312	0.006	2
ORF1a	3313	0.009	3
ORF1a	3314	0.006	2
ORF1a	3315	0.006	2
ORF1a	3316	0.003	1
ORF1a	3317	0.003	1
ORF1a	3318	0.003	1
ORF1a	3319	0.003	1
ORF1a	3320	0.003	1
ORF1a	3321	0.003	1
ORF1a	3322	0.003	1
ORF1a	3323	0.006	2
ORF1a	3324	0.003	1
ORF1a	3325	0.006	2
ORF1a	3326	0.003	1
ORF1a	3327	0.003	1
ORF1a	3328	0.003	1
ORF1a	3329	0.003	1
ORF1a	3330	0.003	1
ORF1a	3331	0.006	2
ORF1a	3332	0.003	1
ORF1a	3333	0.012	4
ORF1a	3334	0.009	2
ORF1a	3338	0.014	5
ORF1a	3344	0.003	1
ORF1a	3347	0.003	1
ORF1a	3351	0.008	3
ORF1a	3352	0.019	2
ORF1a	3353	0.065	22
ORF1a	3355	0.003	1
ORF1a	3356	0.006	2
ORF1a	3357	0.016	2
ORF1a	3359	0.003	1
ORF1a	3360	0.003	1
ORF1a	3367	0.019	2
ORF1a	3371	0.008	3
ORF1a	3379	0.006	2
ORF1a	3384	0.003	1
ORF1a	3395	0.445	4
ORF1a	3415	0.003	1
ORF1a	3432	0.003	1
ORF1a	3441	0.003	1
ORF1a	3447	0.003	1
ORF1a	3449	0.012	2
ORF1a	3454	0.017	6
ORF1a	3456	0.003	1
ORF1a	3459	0.003	1
ORF1a	3461	0.003	1
ORF1a	3468	0.006	1
ORF1a	3475	0.008	3
ORF1a	3476	0.006	2
ORF1a	3486	0.006	1
ORF1a	3488	0.003	1
ORF1a	3490	0.008	2
ORF1a	3497	0.009	3
ORF1a	3499	0.003	1
ORF1a	3504	0.012	4
ORF1a	3506	0.003	1
ORF1a	3509	0.021	3
ORF1a	3512	0.003	1
ORF1a	3517	0.003	1
ORF1a	3523	0.006	2
ORF1a	3537	0.006	2
ORF1a	3538	0.003	1
ORF1a	3547	0.003	1
ORF1a	3548	0.003	1
ORF1a	3560	0.006	2
ORF1a	3567	0.003	1
ORF1a	3571	0.018	3
ORF1a	3574	0.003	1
ORF1a	3578	0.003	1
ORF1a	3579	0.011	4
ORF1a	3580	0.017	5
ORF1a	3587	0.003	1
ORF1a	3593	0.003	1
ORF1a	3596	0.006	2
ORF1a	3597	0.003	1
ORF1a	3600	0.003	1
ORF1a	3601	0.003	1
ORF1a	3602	0.003	1
ORF1a	3604	0.01	3
ORF1a	3606	0.095	38
ORF1a	3610	0.008	3
ORF1a	3613	0.006	2
ORF1a	3615	0.013	5
ORF1a	3616	0.014	3
ORF1a	3618	0.006	1
ORF1a	3619	0.006	1
ORF1a	3620	0.011	3
ORF1a	3621	0.006	1
ORF1a	3625	0.003	1
ORF1a	3627	0.076	4
ORF1a	3644	0.011	4
ORF1a	3646	0.176	2
ORF1a	3647	0.003	1
ORF1a	3652	0.01	3
ORF1a	3653	0.008	3
ORF1a	3655	0.011	1
ORF1a	3657	0.003	1
ORF1a	3663	0.006	2
ORF1a	3667	0.011	2
ORF1a	3669	0.003	1
ORF1a	3670	0.006	2
ORF1a	3674	0.108	1
ORF1a	3675	0.409	24
ORF1a	3676	0.401	23
ORF1a	3677	0.465	29
ORF1a	3678	0.003	1
ORF1a	3679	0.003	1
ORF1a	3684	0.003	1
ORF1a	3686	0.003	1
ORF1a	3687	0.003	1
ORF1a	3688	0.006	2
ORF1a	3690	0.003	1
ORF1a	3692	0.003	1
ORF1a	3694	0.006	2
ORF1a	3695	0.006	2
ORF1a	3696	0.008	1
ORF1a	3697	0.019	3
ORF1a	3704	0.006	2
ORF1a	3705	0.006	2
ORF1a	3712	0.006	2
ORF1a	3715	0.003	1
ORF1a	3718	0.075	5
ORF1a	3722	0.003	1
ORF1a	3726	0.015	6
ORF1a	3729	0.008	1
ORF1a	3730	0.009	3
ORF1a	3731	0.009	2
ORF1a	3736	0.006	2
ORF1a	3737	0.006	2
ORF1a	3740	0.003	1
ORF1a	3746	0.003	1
ORF1a	3747	0.003	1
ORF1a	3749	0.003	1
ORF1a	3750	0.067	9
ORF1a	3751	0.006	1
ORF1a	3752	0.008	2
ORF1a	3753	0.006	2
ORF1a	3754	0.003	1
ORF1a	3757	0.006	2
ORF1a	3758	0.111	3
ORF1a	3762	0.003	1
ORF1a	3764	0.003	1
ORF1a	3765	0.003	1
ORF1a	3766	0.006	1
ORF1a	3767	0.006	2
ORF1a	3769	0.006	2
ORF1a	3775	0.006	2
ORF1a	3776	0.006	1
ORF1a	3777	0.009	3
ORF1a	3779	0.003	1
ORF1a	3790	0.006	2
ORF1a	3798	0.003	1
ORF1a	3808	0.003	1
ORF1a	3822	0.003	1
ORF1a	3827	0.003	1
ORF1a	3829	0.541	18
ORF1a	3835	0.003	1
ORF1a	3839	0.011	2
ORF1a	3846	0.003	1
ORF1a	3853	0.003	1
ORF1a	3855	0.013	1
ORF1a	3879	0.003	1
ORF1a	3884	0.011	1
ORF1a	3892	0.009	3
ORF1a	3902	0.003	1
ORF1a	3904	0.003	1
ORF1a	3908	0.003	1
ORF1a	3915	0.006	2
ORF1a	3917	0.003	1
ORF1a	3919	0.008	3
ORF1a	3921	0.003	1
ORF1a	3922	0.047	2
ORF1a	3925	0.003	1
ORF1a	3927	0.003	1
ORF1a	3930	0.008	1
ORF1a	3934	0.006	2
ORF1a	3936	0.013	5
ORF1a	3937	0.003	1
ORF1a	3940	0.003	1
ORF1a	3949	0.014	4
ORF1a	3951	0.003	1
ORF1a	3952	0.013	4
ORF1a	3953	0.003	1
ORF1a	3955	0.003	1
ORF1a	3956	0.012	4
ORF1a	3958	0.003	1
ORF1a	3959	0.006	1
ORF1a	3963	0.008	2
ORF1a	3966	0.006	2
ORF1a	3969	0.006	1
ORF1a	3970	0.006	2
ORF1a	3973	0.003	1
ORF1a	3975	0.003	1
ORF1a	3976	0.003	1
ORF1a	3986	0.003	1
ORF1a	3990	0.003	1
ORF1a	3995	0.006	1
ORF1a	4006	0.003	1
ORF1a	4014	0.003	1
ORF1a	4016	0.014	4
ORF1a	4060	0.299	1
ORF1a	4064	0.003	1
ORF1a	4065	0.008	3
ORF1a	4066	0.003	1
ORF1a	4071	0.003	1
ORF1a	4072	0.003	1
ORF1a	4075	0.003	1
ORF1a	4079	0.003	1
ORF1a	4080	0.003	1
ORF1a	4083	0.031	8
ORF1a	4085	0.006	2
ORF1a	4087	0.032	12
ORF1a	4088	0.003	1
ORF1a	4089	0.003	1
ORF1a	4090	0.008	3
ORF1a	4094	0.003	1
ORF1a	4097	0.011	3
ORF1a	4115	0.003	1
ORF1a	4116	0.012	3
ORF1a	4117	0.006	2
ORF1a	4120	0.014	3
ORF1a	4126	0.003	1
ORF1a	4129	0.013	4
ORF1a	4140	0.003	1
ORF1a	4147	0.003	1
ORF1a	4151	0.003	1
ORF1a	4153	0.006	2
ORF1a	4157	0.003	1
ORF1a	4158	0.006	1
ORF1a	4159	0.013	4
ORF1a	4161	0.015	5
ORF1a	4164	0.009	3
ORF1a	4174	0.015	5
ORF1a	4175	0.153	11
ORF1a	4177	0.008	2
ORF1a	4179	0.011	2
ORF1a	4182	0.008	3
ORF1a	4187	0.003	1
ORF1a	4189	0.003	1
ORF1a	4191	0.003	1
ORF1a	4197	0.006	2
ORF1a	4202	0.003	1
ORF1a	4204	0.003	1
ORF1a	4207	0.003	1
ORF1a	4211	0.009	3
ORF1a	4216	0.003	1
ORF1a	4217	0.008	3
ORF1a	4220	0.022	3
ORF1a	4223	0.003	1
ORF1a	4225	0.003	1
ORF1a	4226	0.003	1
ORF1a	4241	0.006	1
ORF1a	4249	0.006	2
ORF1a	4255	0.003	1
ORF1a	4257	0.006	1
ORF1a	4258	0.003	1
ORF1a	4265	0.003	1
ORF1a	4266	0.003	1
ORF1a	4274	0.003	1
ORF1a	4275	0.011	2
ORF1a	4281	0.003	1
ORF1a	4285	0.025	10
ORF1a	4287	0.003	1
ORF1a	4290	0.003	1
ORF1a	4291	0.011	2
ORF1a	4292	0.003	1
ORF1a	4295	0.003	1
ORF1a	4301	0.003	1
ORF1a	4304	0.011	3
ORF1a	4305	0.003	1
ORF1a	4308	0.003	1
ORF1a	4311	0.008	3
ORF1a	4337	0.003	1
ORF1a	4339	0.003	1
ORF1a	4342	0.003	1
ORF1a	4349	0.003	1
ORF1a	4354	0.006	2
ORF1a	4355	0.003	1
ORF1a	4356	0.006	2
ORF1a	4357	0.006	2
ORF1a	4358	0.006	2
ORF1a	4361	0.003	1
ORF1a	4364	0.006	2
ORF1a	4367	0.003	1
ORF1a	4368	0.003	1
ORF1a	4369	0.006	2
ORF1a	4372	0.008	3
ORF1a	4374	0.003	1
ORF1a	4384	0.003	1
ORF1a	4386	0.006	2
ORF1a	4387	0.009	3
ORF1a	4389	0.006	2
ORF1a	4390	0.003	1
ORF1a	4391	0.003	1
ORF1a	4396	0.011	4
ORF1a	4398	0.006	2
ORF1a	4399	0.003	1
ORF1b	7	0.006	2
ORF1b	9	0.003	1
ORF1b	12	0.003	1
ORF1b	17	0.011	4
ORF1b	23	0.003	1
ORF1b	28	0.003	1
ORF1b	32	0.003	1
ORF1b	35	0.003	1
ORF1b	37	0.003	1
ORF1b	50	0.012	2
ORF1b	54	0.006	2
ORF1b	55	0.003	1
ORF1b	62	0.006	2
ORF1b	67	0.003	1
ORF1b	71	0.003	1
ORF1b	76	0.006	2
ORF1b	77	0.006	2
ORF1b	79	0.003	1
ORF1b	82	0.012	4
ORF1b	83	0.003	1
ORF1b	84	0.003	1
ORF1b	85	0.006	2
ORF1b	86	0.003	1
ORF1b	87	0.006	2
ORF1b	88	0.019	4
ORF1b	94	0.003	1
ORF1b	97	0.003	1
ORF1b	102	0.003	1
ORF1b	103	0.003	1
ORF1b	109	0.003	1
ORF1b	118	0.008	3
ORF1b	119	0.011	4
ORF1b	132	0.006	2
ORF1b	137	0.003	1
ORF1b	140	0.003	1
ORF1b	145	0.006	2
ORF1b	146	0.006	2
ORF1b	151	0.006	2
ORF1b	152	0.003	1
ORF1b	156	0.003	1
ORF1b	162	0.006	1
ORF1b	164	0.003	1
ORF1b	168	0.003	1
ORF1b	170	0.006	2
ORF1b	172	0.003	1
ORF1b	176	0.012	3
ORF1b	183	0.009	2
ORF1b	185	0.003	1
ORF1b	186	0.003	1
ORF1b	187	0.009	3
ORF1b	188	0.011	1
ORF1b	189	0.006	2
ORF1b	190	0.003	1
ORF1b	214	0.006	1
ORF1b	215	0.003	1
ORF1b	217	0.006	2
ORF1b	218	0.034	6
ORF1b	220	0.003	1
ORF1b	236	0.003	1
ORF1b	238	0.024	2
ORF1b	239	0.006	2
ORF1b	240	0.015	5
ORF1b	241	0.01	3
ORF1b	243	0.003	1
ORF1b	245	0.003	1
ORF1b	248	0.017	3
ORF1b	251	0.006	1
ORF1b	253	0.013	2
ORF1b	256	0.006	2
ORF1b	260	0.003	1
ORF1b	264	0.519	2
ORF1b	267	0.008	2
ORF1b	269	0.003	1
ORF1b	270	0.017	1
ORF1b	275	0.003	1
ORF1b	281	0.003	1
ORF1b	284	0.019	2
ORF1b	295	0.003	1
ORF1b	296	0.003	1
ORF1b	302	0.003	1
ORF1b	306	0.003	1
ORF1b	308	0.003	1
ORF1b	309	0.003	1
ORF1b	310	0.006	2
ORF1b	311	0.009	2
ORF1b	312	0.003	1
ORF1b	313	0.003	1
ORF1b	314	0.071	5
ORF1b	315	0.003	1
ORF1b	316	0.003	1
ORF1b	317	0.003	1
ORF1b	318	0.003	1
ORF1b	319	0.003	1
ORF1b	320	0.003	1
ORF1b	321	0.003	1
ORF1b	322	0.003	1
ORF1b	323	0.003	1
ORF1b	324	0.003	1
ORF1b	325	0.003	1
ORF1b	326	0.003	1
ORF1b	327	0.003	1
ORF1b	328	0.003	1
ORF1b	329	0.003	1
ORF1b	330	0.003	1
ORF1b	331	0.003	1
ORF1b	332	0.003	1
ORF1b	333	0.003	1
ORF1b	334	0.003	1
ORF1b	335	0.012	2
ORF1b	336	0.003	1
ORF1b	337	0.003	1
ORF1b	338	0.003	1
ORF1b	339	0.003	1
ORF1b	341	0.003	1
ORF1b	344	0.003	1
ORF1b	349	0.003	1
ORF1b	353	0.003	1
ORF1b	355	0.003	1
ORF1b	370	0.003	1
ORF1b	373	0.006	2
ORF1b	376	0.011	2
ORF1b	384	0.003	1
ORF1b	385	0.003	1
ORF1b	414	0.003	1
ORF1b	426	0.003	1
ORF1b	435	0.003	1
ORF1b	436	0.006	2
ORF1b	438	0.003	1
ORF1b	452	0.003	1
ORF1b	454	0.008	3
ORF1b	455	0.003	1
ORF1b	464	0.003	1
ORF1b	466	0.003	1
ORF1b	469	0.003	1
ORF1b	470	0.003	1
ORF1b	472	0.003	1
ORF1b	479	0.003	1
ORF1b	480	0.003	1
ORF1b	485	0.006	2
ORF1b	486	0.003	1
ORF1b	498	0.008	2
ORF1b	512	0.008	1
ORF1b	513	0.003	1
ORF1b	517	0.006	2
ORF1b	519	0.003	1
ORF1b	520	0.019	6
ORF1b	527	0.006	2
ORF1b	541	0.003	1
ORF1b	554	0.003	1
ORF1b	557	0.003	1
ORF1b	574	0.003	1
ORF1b	576	0.003	1
ORF1b	579	0.003	1
ORF1b	591	0.003	1
ORF1b	595	0.003	1
ORF1b	596	0.003	1
ORF1b	598	0.003	1
ORF1b	600	0.003	1
ORF1b	604	0.011	3
ORF1b	606	0.003	1
ORF1b	620	0.008	3
ORF1b	624	0.006	1
ORF1b	627	0.003	1
ORF1b	629	0.006	2
ORF1b	634	0.012	3
ORF1b	635	0.003	1
ORF1b	638	0.008	3
ORF1b	640	0.003	1
ORF1b	657	0.009	2
ORF1b	662	0.677	5
ORF1b	663	0.003	1
ORF1b	666	0.003	1
ORF1b	685	0.054	22
ORF1b	687	0.003	1
ORF1b	691	0.003	1
ORF1b	693	0.003	1
ORF1b	711	0.006	1
ORF1b	716	0.008	3
ORF1b	721	0.003	1
ORF1b	727	0.003	1
ORF1b	728	0.003	1
ORF1b	729	0.003	1
ORF1b	730	0.013	5
ORF1b	741	0.003	1
ORF1b	746	0.003	1
ORF1b	760	0.003	1
ORF1b	762	0.003	1
ORF1b	765	0.006	2
ORF1b	767	0.008	2
ORF1b	769	0.003	1
ORF1b	770	0.003	1
ORF1b	771	0.003	1
ORF1b	786	0.003	1
ORF1b	792	0.006	2
ORF1b	794	0.003	1
ORF1b	797	0.006	2
ORF1b	813	0.011	3
ORF1b	814	0.003	1
ORF1b	815	0.003	1
ORF1b	818	0.003	1
ORF1b	820	0.003	1
ORF1b	821	0.003	1
ORF1b	824	0.003	1
ORF1b	829	0.026	1
ORF1b	831	0.003	1
ORF1b	838	0.003	1
ORF1b	839	0.003	1
ORF1b	866	0.006	2
ORF1b	870	0.003	1
ORF1b	884	0.003	1
ORF1b	896	0.006	2
ORF1b	899	0.003	1
ORF1b	900	0.003	1
ORF1b	902	0.003	1
ORF1b	904	0.003	1
ORF1b	909	0.003	1
ORF1b	918	0.003	1
ORF1b	927	0.003	1
ORF1b	941	0.006	2
ORF1b	945	0.003	1
ORF1b	958	0.003	1
ORF1b	959	0.572	5
ORF1b	961	0.003	1
ORF1b	966	0.003	1
ORF1b	970	0.022	7
ORF1b	975	0.003	1
ORF1b	976	0.017	5
ORF1b	977	0.008	3
ORF1b	979	0.003	1
ORF1b	984	0.003	1
ORF1b	985	0.003	1
ORF1b	997	0.014	4
ORF1b	999	0.017	1
ORF1b	1000	0.208	3
ORF1b	1001	0.012	4
ORF1b	1003	0.012	4
ORF1b	1008	0.003	1
ORF1b	1014	0.003	1
ORF1b	1019	0.006	2
ORF1b	1024	0.006	2
ORF1b	1025	0.024	2
ORF1b	1026	0.003	1
ORF1b	1027	0.003	1
ORF1b	1031	0.003	1
ORF1b	1032	0.006	1
ORF1b	1038	0.009	3
ORF1b	1039	0.003	1
ORF1b	1050	0.247	7
ORF1b	1076	0.019	2
ORF1b	1078	0.003	1
ORF1b	1085	0.003	1
ORF1b	1087	0.049	7
ORF1b	1088	0.003	1
ORF1b	1089	0.003	1
ORF1b	1092	0.024	4
ORF1b	1093	0.003	1
ORF1b	1094	0.003	1
ORF1b	1095	0.006	2
ORF1b	1101	0.008	3
ORF1b	1103	0.003	1
ORF1b	1107	0.003	1
ORF1b	1110	0.003	1
ORF1b	1116	0.003	1
ORF1b	1121	0.003	1
ORF1b	1130	0.003	1
ORF1b	1131	0.003	1
ORF1b	1132	0.003	1
ORF1b	1133	0.003	1
ORF1b	1137	0.008	3
ORF1b	1141	0.006	1
ORF1b	1149	0.003	1
ORF1b	1156	0.532	3
ORF1b	1159	0.003	1
ORF1b	1162	0.003	1
ORF1b	1165	0.003	1
ORF1b	1167	0.003	1
ORF1b	1168	0.003	1
ORF1b	1173	0.008	1
ORF1b	1182	0.019	7
ORF1b	1183	0.008	2
ORF1b	1184	0.011	3
ORF1b	1187	0.003	1
ORF1b	1190	0.003	1
ORF1b	1191	0.461	5
ORF1b	1194	0.003	1
ORF1b	1197	0.008	2
ORF1b	1213	0.013	3
ORF1b	1215	0.006	2
ORF1b	1219	0.017	4
ORF1b	1220	0.003	1
ORF1b	1224	0.003	1
ORF1b	1227	0.003	1
ORF1b	1247	0.013	3
ORF1b	1256	0.003	1
ORF1b	1257	0.008	2
ORF1b	1264	0.046	5
ORF1b	1267	0.003	1
ORF1b	1271	0.011	4
ORF1b	1273	0.015	4
ORF1b	1287	0.003	1
ORF1b	1288	0.003	1
ORF1b	1290	0.003	1
ORF1b	1291	0.014	3
ORF1b	1293	0.003	1
ORF1b	1294	0.003	1
ORF1b	1302	0.006	2
ORF1b	1303	0.003	1
ORF1b	1311	0.003	1
ORF1b	1312	0.031	2
ORF1b	1315	0.478	1
ORF1b	1320	0.003	1
ORF1b	1322	0.003	1
ORF1b	1326	0.003	1
ORF1b	1336	0.011	3
ORF1b	1337	0.003	1
ORF1b	1339	0.006	2
ORF1b	1342	0.008	1
ORF1b	1349	0.003	1
ORF1b	1351	0.003	1
ORF1b	1352	0.003	1
ORF1b	1354	0.006	2
ORF1b	1355	0.003	1
ORF1b	1356	0.003	1
ORF1b	1362	0.006	1
ORF1b	1363	0.003	1
ORF1b	1367	0.006	2
ORF1b	1377	0.006	2
ORF1b	1382	0.003	1
ORF1b	1383	0.019	4
ORF1b	1392	0.018	2
ORF1b	1397	0.013	3
ORF1b	1398	0.003	1
ORF1b	1402	0.003	1
ORF1b	1404	0.047	5
ORF1b	1408	0.003	1
ORF1b	1414	0.011	2
ORF1b	1416	0.006	2
ORF1b	1423	0.006	2
ORF1b	1424	0.003	1
ORF1b	1427	0.058	12
ORF1b	1428	0.006	2
ORF1b	1430	0.003	1
ORF1b	1441	0.003	1
ORF1b	1443	0.003	1
ORF1b	1447	0.003	1
ORF1b	1451	0.003	1
ORF1b	1452	0.003	1
ORF1b	1453	0.003	1
ORF1b	1460	0.003	1
ORF1b	1464	0.006	2
ORF1b	1470	0.006	2
ORF1b	1481	0.003	1
ORF1b	1498	0.009	3
ORF1b	1499	0.003	1
ORF1b	1502	0.012	2
ORF1b	1503	0.003	1
ORF1b	1504	0.013	5
ORF1b	1506	0.003	1
ORF1b	1507	0.006	2
ORF1b	1510	0.003	1
ORF1b	1511	0.011	3
ORF1b	1512	0.006	1
ORF1b	1520	0.003	1
ORF1b	1521	0.014	4
ORF1b	1522	0.013	5
ORF1b	1525	0.003	1
ORF1b	1537	0.006	1
ORF1b	1538	0.022	3
ORF1b	1540	0.026	8
ORF1b	1541	0.006	2
ORF1b	1546	0.006	2
ORF1b	1548	0.015	5
ORF1b	1549	0.003	1
ORF1b	1550	0.011	3
ORF1b	1551	0.003	1
ORF1b	1552	0.003	1
ORF1b	1553	0.003	1
ORF1b	1555	0.014	5
ORF1b	1560	0.006	2
ORF1b	1561	0.003	1
ORF1b	1564	0.003	1
ORF1b	1565	0.003	1
ORF1b	1566	0.452	8
ORF1b	1567	0.008	2
ORF1b	1568	0.006	2
ORF1b	1569	0.003	1
ORF1b	1570	0.011	1
ORF1b	1571	0.003	1
ORF1b	1586	0.003	1
ORF1b	1587	0.003	1
ORF1b	1589	0.003	1
ORF1b	1594	0.006	2
ORF1b	1596	0.015	4
ORF1b	1600	0.003	1
ORF1b	1601	0.006	2
ORF1b	1602	0.003	1
ORF1b	1607	0.028	3
ORF1b	1611	0.006	2
ORF1b	1615	0.003	1
ORF1b	1618	0.006	1
ORF1b	1621	0.006	2
ORF1b	1625	0.003	1
ORF1b	1637	0.013	5
ORF1b	1639	0.04	5
ORF1b	1643	0.015	5
ORF1b	1644	0.003	1
ORF1b	1648	0.003	1
ORF1b	1649	0.006	2
ORF1b	1652	0.003	1
ORF1b	1653	0.017	1
ORF1b	1655	0.003	1
ORF1b	1656	0.003	1
ORF1b	1658	0.003	1
ORF1b	1661	0.006	2
ORF1b	1664	0.006	2
ORF1b	1666	0.003	1
ORF1b	1674	0.009	3
ORF1b	1681	0.008	3
ORF1b	1687	0.008	3
ORF1b	1688	0.003	1
ORF1b	1690	0.003	1
ORF1b	1691	0.003	1
ORF1b	1693	0.003	1
ORF1b	1697	0.003	1
ORF1b	1698	0.003	1
ORF1b	1701	0.025	10
ORF1b	1706	0.168	3
ORF1b	1719	0.003	1
ORF1b	1723	0.006	2
ORF1b	1724	0.003	1
ORF1b	1727	0.04	14
ORF1b	1728	0.003	1
ORF1b	1729	0.003	1
ORF1b	1736	0.003	1
ORF1b	1737	0.003	1
ORF1b	1743	0.006	2
ORF1b	1745	0.003	1
ORF1b	1746	0.04	1
ORF1b	1749	0.008	3
ORF1b	1757	0.006	1
ORF1b	1759	0.003	1
ORF1b	1772	0.003	1
ORF1b	1779	0.009	3
ORF1b	1787	0.006	2
ORF1b	1790	0.006	1
ORF1b	1791	0.003	1
ORF1b	1807	0.003	1
ORF1b	1808	0.003	1
ORF1b	1809	0.003	1
ORF1b	1817	0.003	1
ORF1b	1821	0.011	4
ORF1b	1824	0.003	1
ORF1b	1825	0.003	1
ORF1b	1829	0.003	1
ORF1b	1831	0.003	1
ORF1b	1839	0.028	2
ORF1b	1844	0.014	2
ORF1b	1847	0.011	3
ORF1b	1848	0.015	5
ORF1b	1850	0.003	1
ORF1b	1851	0.009	3
ORF1b	1852	0.008	1
ORF1b	1868	0.003	1
ORF1b	1869	0.006	1
ORF1b	1877	0.003	1
ORF1b	1881	0.003	1
ORF1b	1884	0.009	3
ORF1b	1889	0.003	1
ORF1b	1895	0.003	1
ORF1b	1896	0.006	2
ORF1b	1897	0.003	1
ORF1b	1898	0.009	3
ORF1b	1899	0.006	2
ORF1b	1902	0.003	1
ORF1b	1903	0.003	1
ORF1b	1905	0.006	2
ORF1b	1914	0.008	3
ORF1b	1915	0.008	3
ORF1b	1916	0.011	4
ORF1b	1917	0.011	4
ORF1b	1918	0.173	1
ORF1b	1936	0.012	3
ORF1b	1939	0.006	1
ORF1b	1942	0.016	5
ORF1b	1943	0.003	1
ORF1b	1944	0.003	1
ORF1b	1945	0.01	3
ORF1b	1946	0.003	1
ORF1b	1947	0.003	1
ORF1b	1948	0.003	1
ORF1b	1949	0.003	1
ORF1b	1950	0.003	1
ORF1b	1951	0.003	1
ORF1b	1952	0.003	1
ORF1b	1953	0.015	4
ORF1b	1954	0.003	1
ORF1b	1955	0.006	2
ORF1b	1956	0.003	1
ORF1b	1957	0.003	1
ORF1b	1958	0.003	1
ORF1b	1959	0.003	1
ORF1b	1960	0.003	1
ORF1b	1961	0.003	1
ORF1b	1962	0.009	2
ORF1b	1963	0.003	1
ORF1b	1964	0.003	1
ORF1b	1965	0.003	1
ORF1b	1966	0.009	2
ORF1b	1967	0.012	4
ORF1b	1968	0.003	1
ORF1b	1969	0.003	1
ORF1b	1970	0.003	1
ORF1b	1971	0.003	1
ORF1b	1972	0.003	1
ORF1b	1973	0.006	2
ORF1b	1974	0.009	3
ORF1b	1975	0.014	2
ORF1b	1976	0.003	1
ORF1b	1977	0.006	2
ORF1b	1978	0.003	1
ORF1b	1979	0.012	4
ORF1b	1980	0.003	1
ORF1b	1981	0.006	2
ORF1b	1982	0.003	1
ORF1b	1983	0.003	1
ORF1b	1984	0.003	1
ORF1b	1985	0.003	1
ORF1b	1986	0.003	1
ORF1b	1987	0.009	3
ORF1b	1988	0.003	1
ORF1b	1989	0.003	1
ORF1b	1990	0.003	1
ORF1b	1991	0.003	1
ORF1b	1992	0.003	1
ORF1b	1993	0.006	2
ORF1b	1994	0.003	1
ORF1b	1995	0.006	2
ORF1b	1996	0.006	2
ORF1b	1997	0.003	1
ORF1b	1998	0.031	2
ORF1b	1999	0.003	1
ORF1b	2000	0.003	1
ORF1b	2001	0.003	1
ORF1b	2002	0.003	1
ORF1b	2003	0.003	1
ORF1b	2004	0.003	1
ORF1b	2005	0.006	2
ORF1b	2006	0.006	2
ORF1b	2007	0.003	1
ORF1b	2008	0.003	1
ORF1b	2009	0.003	1
ORF1b	2010	0.003	1
ORF1b	2011	0.003	1
ORF1b	2012	0.003	1
ORF1b	2013	0.003	1
ORF1b	2014	0.003	1
ORF1b	2015	0.003	1
ORF1b	2016	0.003	1
ORF1b	2017	0.006	2
ORF1b	2018	0.003	1
ORF1b	2019	0.003	1
ORF1b	2020	0.006	2
ORF1b	2021	0.003	1
ORF1b	2022	0.003	1
ORF1b	2023	0.003	1
ORF1b	2024	0.003	1
ORF1b	2025	0.003	1
ORF1b	2026	0.003	1
ORF1b	2027	0.009	2
ORF1b	2028	0.016	2
ORF1b	2031	0.003	1
ORF1b	2032	0.019	1
ORF1b	2036	0.003	1
ORF1b	2040	0.003	1
ORF1b	2049	0.003	1
ORF1b	2059	0.003	1
ORF1b	2061	0.012	3
ORF1b	2063	0.003	1
ORF1b	2070	0.006	2
ORF1b	2073	0.003	1
ORF1b	2075	0.006	1
ORF1b	2080	0.003	1
ORF1b	2084	0.008	2
ORF1b	2089	0.006	1
ORF1b	2097	0.003	1
ORF1b	2099	0.006	2
ORF1b	2112	0.003	1
ORF1b	2115	0.003	1
ORF1b	2116	0.006	2
ORF1b	2117	0.006	2
ORF1b	2120	0.006	2
ORF1b	2132	0.013	4
ORF1b	2134	0.003	1
ORF1b	2139	0.003	1
ORF1b	2140	0.036	2
ORF1b	2142	0.003	1
ORF1b	2143	0.006	2
ORF1b	2147	0.006	2
ORF1b	2158	0.003	1
ORF1b	2163	0.481	3
ORF1b	2165	0.009	3
ORF1b	2166	0.009	3
ORF1b	2178	0.008	3
ORF1b	2179	0.017	3
ORF1b	2182	0.009	3
ORF1b	2183	0.003	1
ORF1b	2195	0.003	1
ORF1b	2197	0.008	2
ORF1b	2198	0.01	3
ORF1b	2206	0.006	2
ORF1b	2212	0.006	2
ORF1b	2219	0.006	2
ORF1b	2223	0.009	3
ORF1b	2234	0.014	2
ORF1b	2236	0.042	2
ORF1b	2241	0.003	1
ORF1b	2242	0.003	1
ORF1b	2256	0.011	4
ORF1b	2257	0.003	1
ORF1b	2258	0.003	1
ORF1b	2260	0.006	2
ORF1b	2265	0.003	1
ORF1b	2266	0.003	1
ORF1b	2269	0.003	1
ORF1b	2270	0.003	1
ORF1b	2276	0.003	1
ORF1b	2279	0.003	1
ORF1b	2280	0.006	2
ORF1b	2282	0.003	1
ORF1b	2285	0.003	1
ORF1b	2287	0.003	1
ORF1b	2296	0.003	1
ORF1b	2297	0.014	4
ORF1b	2303	0.003	1
ORF1b	2306	0.009	2
ORF1b	2308	0.003	1
ORF1b	2310	0.006	2
ORF1b	2311	0.003	1
ORF1b	2312	0.003	1
ORF1b	2313	0.021	3
ORF1b	2318	0.003	1
ORF1b	2321	0.006	2
ORF1b	2322	0.003	1
ORF1b	2324	0.006	2
ORF1b	2328	0.003	1
ORF1b	2329	0.003	1
ORF1b	2332	0.011	2
ORF1b	2333	0.006	2
ORF1b	2334	0.003	1
ORF1b	2338	0.006	2
ORF1b	2339	0.008	3
ORF1b	2351	0.003	1
ORF1b	2356	0.003	1
ORF1b	2357	0.003	1
ORF1b	2369	0.003	1
ORF1b	2371	0.012	3
ORF1b	2373	0.003	1
ORF1b	2378	0.006	2
ORF1b	2382	0.008	3
ORF1b	2388	0.015	3
ORF1b	2390	0.003	1
ORF1b	2391	0.003	1
ORF1b	2399	0.003	1
ORF1b	2404	0.006	2
ORF1b	2406	0.017	3
ORF1b	2410	0.003	1
ORF1b	2417	0.003	1
ORF1b	2425	0.123	1
ORF1b	2429	0.003	1
ORF1b	2430	0.003	1
ORF1b	2431	0.011	4
ORF1b	2432	0.026	5
ORF1b	2436	0.015	1
ORF1b	2471	0.003	1
ORF1b	2474	0.006	2
ORF1b	2488	0.015	5
ORF1b	2490	0.003	1
ORF1b	2499	0.006	2
ORF1b	2501	0.003	1
ORF1b	2505	0.003	1
ORF1b	2509	0.003	1
ORF1b	2510	0.008	2
ORF1b	2513	0.006	2
ORF1b	2514	0.003	1
ORF1b	2516	0.003	1
ORF1b	2518	0.003	1
ORF1b	2519	0.003	1
ORF1b	2523	0.003	1
ORF1b	2524	0.006	2
ORF1b	2525	0.006	2
ORF1b	2536	0.003	1
ORF1b	2537	0.046	10
ORF1b	2545	0.003	1
ORF1b	2548	0.011	4
ORF1b	2557	0.04	15
ORF1b	2560	0.006	1
ORF1b	2564	0.003	1
ORF1b	2565	0.003	1
ORF1b	2566	0.003	1
ORF1b	2579	0.006	2
ORF1b	2580	0.006	1
ORF1b	2581	0.003	1
ORF1b	2583	0.006	2
ORF1b	2585	0.003	1
ORF1b	2586	0.006	2
ORF1b	2589	0.008	1
ORF1b	2590	0.003	1
ORF1b	2591	0.003	1
ORF1b	2592	0.003	1
ORF1b	2610	0.009	3
ORF1b	2612	0.006	2
ORF1b	2613	0.04	9
ORF1b	2615	0.003	1
ORF1b	2616	0.003	1
ORF1b	2623	0.003	1
ORF1b	2633	0.014	5
ORF1b	2635	0.031	4
ORF1b	2637	0.003	1
ORF1b	2638	0.003	1
ORF1b	2657	0.003	1
ORF1b	2661	0.003	1
ORF1b	2667	0.009	3
ORF1b	2678	0.003	1
ORF1b	2682	0.003	1
ORF1b	2683	0.003	1
ORF1b	2684	0.006	1
ORF1b	2685	0.003	1
ORF1b	2686	0.003	1
ORF1b	2691	0.003	1
ORF1b	2695	0.003	1
S	3	0.049	2
S	5	0.065	27
S	8	0.003	1
S	9	0.006	2
S	12	0.006	2
S	13	0.011	3
S	14	0.003	1
S	18	0.056	5
S	19	0.621	37
S	20	0.045	3
S	21	0.006	2
S	22	0.012	2
S	23	0.003	1
S	24	0.487	13
S	25	0.504	11
S	26	0.511	10
S	27	0.491	14
S	28	0.008	3
S	29	0.021	7
S	32	0.009	2
S	35	0.003	1
S	45	0.006	2
S	46	0.003	1
S	49	0.006	2
S	51	0.003	1
S	52	0.017	4
S	53	0.003	1
S	54	0.006	2
S	57	0.003	1
S	58	0.003	1
S	59	0.006	2
S	60	0.003	1
S	61	0.006	2
S	62	0.006	2
S	63	0.003	1
S	64	0.012	4
S	65	0.003	1
S	66	0.017	5
S	67	0.126	12
S	68	0.042	17
S	69	0.7	35
S	70	0.702	34
S	71	0.016	6
S	72	0.003	1
S	73	0.006	2
S	74	0.006	2
S	75	0.031	7
S	76	0.033	6
S	77	0.01	3
S	78	0.006	2
S	79	0.003	1
S	80	0.037	8
S	81	0.003	1
S	82	0.006	2
S	83	0.584	7
S	84	0.012	4
S	85	0.003	1
S	86	0.006	2
S	87	0.006	2
S	88	0.009	3
S	89	0.003	1
S	90	0.006	2
S	91	0.003	1
S	92	0.003	1
S	93	0.003	1
S	94	0.003	1
S	95	0.187	25
S	96	0.003	1
S	97	0.031	6
S	98	0.017	6
S	111	0.006	2
S	112	0.011	2
S	120	0.003	1
S	126	0.003	1
S	127	0.003	1
S	128	0.008	3
S	132	0.012	4
S	134	0.003	1
S	138	0.05	4
S	139	0.006	2
S	140	0.008	3
S	141	0.021	7
S	142	0.507	64
S	143	0.12	7
S	144	0.676	149
S	145	0.176	16
S	146	0.638	24
S	147	0.339	16
S	148	0.006	2
S	150	0.023	3
S	151	0.006	2
S	152	0.321	11
S	153	0.055	9
S	154	0.003	1
S	156	0.212	4
S	157	0.515	18
S	158	0.21	6
S	163	0.006	2
S	164	0.04	1
S	170	0.006	2
S	171	0.006	2
S	176	0.018	6
S	177	0.027	7
S	178	0.01	3
S	180	0.054	6
S	181	0.029	9
S	182	0.021	7
S	183	0.581	8
S	184	0.018	6
S	185	0.056	11
S	186	0.01	3
S	187	0.017	4
S	188	0.003	1
S	190	0.042	2
S	193	0.003	1
S	200	0.003	1
S	208	0.006	1
S	209	0.026	2
S	210	0.308	6
S	211	0.119	8
S	212	0.142	11
S	213	0.993	12
S	214	0.003	1
S	215	0.092	7
S	216	0.008	3
S	218	0.026	8
S	219	0.01	3
S	221	0.011	4
S	222	0.075	8
S	224	0.003	1
S	226	0.003	1
S	233	0.003	1
S	235	0.003	1
S	236	0.003	1
S	238	0.003	1
S	240	0.009	2
S	241	0.019	2
S	242	0.042	5
S	243	0.042	5
S	244	0.003	1
S	245	0.057	8
S	246	0.016	3
S	247	0.024	4
S	248	0.066	10
S	249	0.016	3
S	250	0.034	7
S	251	0.06	12
S	252	0.56	12
S	253	0.115	8
S	254	0.013	4
S	255	0.059	10
S	256	0.015	2
S	257	0.345	14
S	258	0.009	2
S	260	0.006	2
S	261	0.006	2
S	262	0.023	6
S	263	0.003	1
S	265	0.003	1
S	272	0.003	1
S	274	0.003	1
S	281	0.008	1
S	282	0.003	1
S	284	0.006	1
S	289	0.013	1
S	293	0.003	1
S	299	0.011	4
S	303	0.006	2
S	306	0.003	1
S	307	0.003	1
S	308	0.006	2
S	309	0.009	3
S	313	0.003	1
S	314	0.003	1
S	320	0.006	1
S	321	0.006	2
S	323	0.017	6
S	326	0.003	1
S	330	0.006	2
S	337	0.003	1
S	339	1.013	8
S	341	0.003	1
S	344	0.003	1
S	346	0.794	61
S	348	0.008	3
S	356	0.164	5
S	357	0.003	1
S	358	0.006	2
S	359	0.006	2
S	360	0.006	2
S	361	0.006	2
S	362	0.006	2
S	363	0.006	2
S	364	0.003	1
S	365	0.003	1
S	366	0.003	1
S	367	0.012	3
S	368	0.58	5
S	369	0.009	3
S	370	0.006	2
S	371	0.554	16
S	372	0.006	2
S	373	0.446	8
S	374	0.006	2
S	375	0.448	11
S	376	0.481	8
S	377	0.003	1
S	378	0.006	2
S	379	0.003	1
S	380	0.003	1
S	381	0.003	1
S	382	0.003	1
S	383	0.003	1
S	384	0.01	3
S	385	0.006	2
S	386	0.003	1
S	387	0.003	1
S	388	0.003	1
S	389	0.003	1
S	393	0.003	1
S	403	0.003	1
S	405	0.475	5
S	408	0.525	50
S	410	0.006	2
S	414	0.003	1
S	417	0.533	56
S	420	0.003	1
S	430	0.006	2
S	434	0.003	1
S	435	0.003	1
S	436	0.003	1
S	439	0.008	1
S	440	0.467	38
S	444	0.695	38
S	445	0.656	20
S	446	0.674	11
S	449	0.01	3
S	450	0.076	9
S	452	0.762	21
S	453	0.006	1
S	455	0.009	3
S	456	0.017	4
S	460	0.68	20
S	463	0.003	1
S	464	0.003	1
S	470	0.003	1
S	471	0.003	1
S	475	0.003	1
S	476	0.003	1
S	477	0.441	10
S	478	0.442	28
S	479	0.003	1
S	481	0.013	4
S	483	0.006	2
S	484	0.549	23
S	485	0.008	2
S	486	1.325	51
S	489	0.003	1
S	490	0.636	17
S	493	0.202	5
S	494	0.033	9
S	496	0.108	1
S	498	0.438	2
S	501	0.391	9
S	505	0.442	8
S	514	0.003	1
S	518	0.003	1
S	519	0.003	1
S	520	0.003	1
S	521	0.045	8
S	547	0.138	12
S	549	0.003	1
S	553	0.003	1
S	554	0.034	10
S	556	0.006	2
S	558	0.006	2
S	561	0.003	1
S	565	0.003	1
S	570	0.087	2
S	572	0.015	3
S	573	0.011	3
S	574	0.027	4
S	575	0.006	2
S	582	0.009	3
S	583	0.014	5
S	595	0.003	1
S	604	0.011	1
S	607	0.003	1
S	613	0.052	10
S	614	0.057	5
S	619	0.037	4
S	621	0.021	8
S	622	0.008	3
S	623	0.003	1
S	626	0.003	1
S	627	0.003	1
S	628	0.003	1
S	631	0.003	1
S	632	0.003	1
S	640	0.015	5
S	641	0.003	1
S	642	0.012	4
S	651	0.003	1
S	652	0.003	1
S	653	0.013	4
S	654	0.01	3
S	655	0.427	5
S	658	0.059	4
S	662	0.003	1
S	666	0.062	4
S	670	0.003	1
S	673	0.003	1
S	675	0.017	7
S	677	0.044	10
S	678	0.003	1
S	679	0.441	3
S	680	0.003	1
S	681	0.501	18
S	682	0.003	1
S	683	0.003	1
S	684	0.006	2
S	687	0.003	1
S	688	0.015	5
S	689	0.01	3
S	691	0.014	4
S	694	0.003	1
S	698	0.006	2
S	701	0.052	9
S	703	0.026	3
S	704	0.04	9
S	706	0.006	2
S	716	0.089	3
S	717	0.003	1
S	719	0.003	1
S	731	0.003	1
S	732	0.038	9
S	739	0.003	1
S	740	0.003	1
S	741	0.003	1
S	742	0.009	3
S	743	0.003	1
S	744	0.003	1
S	745	0.003	1
S	746	0.003	1
S	747	0.031	6
S	748	0.006	2
S	749	0.003	1
S	750	0.006	2
S	751	0.003	1
S	752	0.006	2
S	753	0.003	1
S	754	0.003	1
S	755	0.003	1
S	756	0.003	1
S	757	0.003	1
S	758	0.003	1
S	759	0.003	1
S	760	0.003	1
S	761	0.003	1
S	762	0.003	1
S	763	0.003	1
S	764	0.446	7
S	765	0.006	2
S	766	0.003	1
S	767	0.003	1
S	768	0.003	1
S	769	0.012	3
S	770	0.003	1
S	771	0.01	3
S	772	0.003	1
S	773	0.003	1
S	774	0.003	1
S	775	0.003	1
S	776	0.003	1
S	777	0.003	1
S	778	0.003	1
S	779	0.003	1
S	780	0.003	1
S	781	0.003	1
S	782	0.003	1
S	783	0.003	1
S	784	0.003	1
S	785	0.003	1
S	786	0.012	3
S	787	0.003	1
S	788	0.003	1
S	789	0.003	1
S	790	0.003	1
S	791	0.003	1
S	792	0.003	1
S	793	0.01	3
S	794	0.003	1
S	795	0.003	1
S	796	0.448	8
S	797	0.003	1
S	798	0.009	3
S	799	0.003	1
S	800	0.003	1
S	801	0.003	1
S	802	0.003	1
S	803	0.003	1
S	804	0.003	1
S	805	0.003	1
S	806	0.003	1
S	807	0.003	1
S	808	0.006	2
S	809	0.006	2
S	810	0.003	1
S	811	0.003	1
S	812	0.012	4
S	813	0.006	2
S	814	0.003	1
S	815	0.003	1
S	816	0.003	1
S	817	0.003	1
S	818	0.006	2
S	819	0.003	1
S	820	0.003	1
S	821	0.003	1
S	822	0.003	1
S	823	0.003	1
S	824	0.003	1
S	825	0.003	1
S	826	0.003	1
S	827	0.006	2
S	828	0.003	1
S	829	0.003	1
S	830	0.003	1
S	831	0.003	1
S	832	0.003	1
S	833	0.003	1
S	834	0.015	3
S	835	0.003	1
S	836	0.003	1
S	837	0.003	1
S	838	0.003	1
S	839	0.006	2
S	840	0.003	1
S	841	0.003	1
S	842	0.003	1
S	843	0.003	1
S	844	0.003	1
S	845	0.015	4
S	846	0.003	1
S	847	0.003	1
S	848	0.003	1
S	849	0.003	1
S	850	0.006	2
S	851	0.003	1
S	852	0.009	3
S	853	0.003	1
S	854	0.006	2
S	855	0.006	2
S	856	0.126	2
S	858	0.008	3
S	859	0.029	6
S	861	0.003	1
S	870	0.006	1
S	871	0.003	1
S	876	0.003	1
S	879	0.009	2
S	883	0.033	11
S	884	0.003	1
S	888	0.011	1
S	890	0.003	1
S	892	0.003	1
S	893	0.003	1
S	918	0.003	1
S	922	0.008	3
S	931	0.006	1
S	936	0.017	5
S	939	0.006	2
S	940	0.003	1
S	941	0.006	2
S	942	0.003	1
S	943	0.003	1
S	950	0.203	6
S	954	0.441	2
S	957	0.003	1
S	961	0.003	1
S	964	0.012	4
S	969	0.438	1
S	978	0.006	2
S	981	0.112	2
S	982	0.083	1
S	1009	0.006	2
S	1020	0.044	5
S	1022	0.003	1
S	1027	0.04	2
S	1045	0.003	1
S	1058	0.006	2
S	1068	0.003	1
S	1070	0.012	4
S	1071	0.003	1
S	1076	0.003	1
S	1078	0.012	4
S	1079	0.006	2
S	1081	0.006	1
S	1084	0.013	4
S	1085	0.003	1
S	1087	0.003	1
S	1099	0.006	2
S	1100	0.003	1
S	1101	0.006	2
S	1104	0.024	4
S	1111	0.003	1
S	1113	0.006	2
S	1114	0.003	1
S	1117	0.006	2
S	1118	0.088	3
S	1121	0.003	1
S	1122	0.027	6
S	1124	0.03	10
S	1130	0.003	1
S	1132	0.003	1
S	1136	0.003	1
S	1139	0.006	1
S	1143	0.009	3
S	1144	0.009	3
S	1155	0.003	1
S	1157	0.003	1
S	1159	0.003	1
S	1160	0.003	1
S	1162	0.014	5
S	1163	0.009	3
S	1167	0.014	3
S	1168	0.003	1
S	1169	0.003	1
S	1170	0.006	2
S	1171	0.003	1
S	1176	0.051	4
S	1178	0.003	1
S	1181	0.003	1
S	1184	0.003	1
S	1191	0.006	2
S	1192	0.003	1
S	1195	0.003	1
S	1199	0.033	3
S	1200	0.003	1
S	1201	0.016	5
S	1202	0.006	1
S	1206	0.003	1
S	1207	0.003	1
S	1210	0.003	1
S	1219	0.003	1
S	1221	0.003	1
S	1225	0.006	2
S	1228	0.003	1
S	1233	0.003	1
S	1235	0.003	1
S	1236	0.003	1
S	1237	0.009	3
S	1239	0.003	1
S	1243	0.024	2
S	1244	0.008	3
S	1245	0.003	1
S	1247	0.006	2
S	1248	0.009	3
S	1249	0.003	1
S	1250	0.003	1
S	1251	0.003	1
S	1252	0.02	5
S	1258	0.003	1
S	1259	0.003	1
S	1260	0.022	4
S	1263	0.03	8
S	1264	0.04	11
S	1265	0.008	2
S	1266	0.006	2
ORF3a	2	0.006	2
ORF3a	3	0.003	1
ORF3a	5	0.008	3
ORF3a	11	0.006	2
ORF3a	12	0.009	3
ORF3a	13	0.014	5
ORF3a	14	0.006	2
ORF3a	15	0.015	5
ORF3a	16	0.003	1
ORF3a	18	0.009	3
ORF3a	19	0.009	3
ORF3a	20	0.006	2
ORF3a	21	0.012	4
ORF3a	22	0.006	2
ORF3a	23	0.015	5
ORF3a	24	0.006	2
ORF3a	25	0.006	2
ORF3a	26	0.208	4
ORF3a	27	0.009	3
ORF3a	28	0.003	1
ORF3a	30	0.003	1
ORF3a	31	0.015	5
ORF3a	32	0.017	5
ORF3a	33	0.015	4
ORF3a	34	0.006	1
ORF3a	35	0.014	2
ORF3a	37	0.009	3
ORF3a	38	0.01	3
ORF3a	40	0.017	4
ORF3a	41	0.012	3
ORF3a	42	0.006	2
ORF3a	43	0.003	1
ORF3a	44	0.016	3
ORF3a	45	0.012	4
ORF3a	46	0.006	2
ORF3a	47	0.008	3
ORF3a	48	0.003	1
ORF3a	49	0.006	2
ORF3a	50	0.003	1
ORF3a	51	0.003	1
ORF3a	52	0.006	2
ORF3a	53	0.012	4
ORF3a	54	0.037	7
ORF3a	55	0.009	3
ORF3a	56	0.006	1
ORF3a	57	0.123	8
ORF3a	58	0.003	1
ORF3a	59	0.009	3
ORF3a	60	0.008	3
ORF3a	62	0.003	1
ORF3a	63	0.006	2
ORF3a	64	0.008	3
ORF3a	65	0.003	1
ORF3a	67	0.006	2
ORF3a	68	0.017	6
ORF3a	69	0.003	1
ORF3a	71	0.003	1
ORF3a	72	0.009	3
ORF3a	73	0.003	1
ORF3a	74	0.015	5
ORF3a	75	0.006	2
ORF3a	76	0.003	1
ORF3a	77	0.012	3
ORF3a	78	0.031	7
ORF3a	80	0.003	1
ORF3a	83	0.003	1
ORF3a	85	0.008	3
ORF3a	89	0.024	7
ORF3a	90	0.015	5
ORF3a	91	0.003	1
ORF3a	92	0.003	1
ORF3a	93	0.008	2
ORF3a	94	0.012	3
ORF3a	95	0.003	1
ORF3a	96	0.006	2
ORF3a	97	0.017	5
ORF3a	98	0.003	1
ORF3a	99	0.009	3
ORF3a	100	0.012	4
ORF3a	101	0.017	6
ORF3a	102	0.006	2
ORF3a	103	0.01	3
ORF3a	104	0.011	4
ORF3a	105	0.003	1
ORF3a	106	0.026	5
ORF3a	107	0.003	1
ORF3a	108	0.024	4
ORF3a	110	0.016	3
ORF3a	112	0.006	2
ORF3a	116	0.003	1
ORF3a	118	0.003	1
ORF3a	119	0.003	1
ORF3a	120	0.006	1
ORF3a	122	0.006	1
ORF3a	123	0.008	1
ORF3a	125	0.003	1
ORF3a	126	0.003	1
ORF3a	127	0.011	3
ORF3a	128	0.012	4
ORF3a	129	0.003	1
ORF3a	130	0.003	1
ORF3a	131	0.023	4
ORF3a	134	0.006	2
ORF3a	140	0.07	5
ORF3a	143	0.003	1
ORF3a	144	0.006	2
ORF3a	145	0.003	1
ORF3a	147	0.003	1
ORF3a	148	0.003	1
ORF3a	149	0.008	1
ORF3a	151	0.017	7
ORF3a	153	0.006	2
ORF3a	155	0.029	9
ORF3a	156	0.003	1
ORF3a	158	0.003	1
ORF3a	163	0.006	2
ORF3a	165	0.006	1
ORF3a	166	0.011	4
ORF3a	168	0.003	1
ORF3a	169	0.003	1
ORF3a	171	0.044	12
ORF3a	172	0.031	6
ORF3a	174	0.028	6
ORF3a	175	0.024	6
ORF3a	176	0.009	2
ORF3a	177	0.006	2
ORF3a	179	0.003	1
ORF3a	180	0.003	1
ORF3a	181	0.003	1
ORF3a	182	0.008	3
ORF3a	183	0.003	1
ORF3a	184	0.003	1
ORF3a	185	0.003	1
ORF3a	186	0.01	3
ORF3a	191	0.006	2
ORF3a	193	0.003	1
ORF3a	194	0.006	2
ORF3a	195	0.003	1
ORF3a	196	0.011	3
ORF3a	197	0.006	2
ORF3a	202	0.016	5
ORF3a	204	0.006	2
ORF3a	206	0.003	1
ORF3a	207	0.014	2
ORF3a	209	0.008	2
ORF3a	210	0.003	1
ORF3a	211	0.003	1
ORF3a	213	0.006	2
ORF3a	217	0.006	2
ORF3a	219	0.003	1
ORF3a	221	0.003	1
ORF3a	223	0.478	7
ORF3a	224	0.017	4
ORF3a	225	0.003	1
ORF3a	229	0.07	2
ORF3a	230	0.003	1
ORF3a	236	0.003	1
ORF3a	239	0.041	4
ORF3a	240	0.037	9
ORF3a	241	0.003	1
ORF3a	245	0.003	1
ORF3a	246	0.003	1
ORF3a	247	0.003	1
ORF3a	251	0.014	4
ORF3a	252	0.003	1
ORF3a	253	0.045	3
ORF3a	254	0.003	1
ORF3a	255	0.021	7
ORF3a	256	0.011	2
ORF3a	257	0.017	4
ORF3a	258	0.006	2
ORF3a	260	0.028	5
ORF3a	262	0.006	1
ORF3a	267	0.003	1
ORF3a	268	0.009	3
ORF3a	269	0.013	4
ORF3a	270	0.013	5
ORF3a	271	0.003	1
ORF3a	274	0.003	1
E	7	0.003	1
E	8	0.003	1
E	9	0.446	5
E	11	0.647	3
E	19	0.003	1
E	21	0.027	8
E	24	0.008	1
E	28	0.003	1
E	29	0.003	1
E	30	0.003	1
E	31	0.003	1
E	32	0.003	1
E	33	0.003	1
E	34	0.003	1
E	35	0.003	1
E	36	0.003	1
E	37	0.003	1
E	38	0.003	1
E	39	0.003	1
E	40	0.003	1
E	41	0.003	1
E	45	0.003	1
E	50	0.013	2
E	53	0.006	2
E	55	0.009	3
E	58	0.01	3
E	61	0.003	1
E	62	0.073	9
E	64	0.003	1
E	66	0.003	1
E	68	0.014	4
E	70	0.003	1
E	71	0.039	7
E	72	0.069	4
E	73	0.003	1
E	74	0.003	1
M	2	0.015	5
M	3	0.771	24
M	4	0.003	1
M	6	0.003	1
M	17	0.008	3
M	19	0.459	23
M	23	0.003	1
M	28	0.006	1
M	29	0.008	3
M	34	0.003	1
M	38	0.003	1
M	40	0.009	3
M	41	0.003	1
M	42	0.003	1
M	43	0.006	2
M	44	0.003	1
M	45	0.003	1
M	48	0.003	1
M	52	0.003	1
M	60	0.003	1
M	63	0.443	2
M	67	0.003	1
M	69	0.003	1
M	70	0.003	1
M	71	0.003	1
M	75	0.003	1
M	76	0.009	3
M	78	0.006	2
M	82	0.22	6
M	93	0.003	1
M	97	0.003	1
M	101	0.003	1
M	104	0.006	1
M	107	0.003	1
M	109	0.003	1
M	117	0.003	1
M	124	0.003	1
M	125	0.009	3
M	128	0.003	1
M	133	0.003	1
M	136	0.003	1
M	142	0.006	1
M	146	0.003	1
M	148	0.003	1
M	149	0.003	1
M	150	0.003	1
M	151	0.003	1
M	152	0.003	1
M	153	0.003	1
M	154	0.006	2
M	155	0.006	2
M	170	0.003	1
M	174	0.008	1
M	190	0.003	1
M	197	0.006	1
M	209	0.008	3
M	212	0.019	1
M	214	0.003	1
ORF6	2	0.014	2
ORF6	3	0.003	1
ORF6	4	0.003	1
ORF6	5	0.003	1
ORF6	6	0.041	5
ORF6	10	0.003	1
ORF6	17	0.003	1
ORF6	19	0.003	1
ORF6	21	0.006	2
ORF6	22	0.006	2
ORF6	23	0.006	2
ORF6	24	0.009	3
ORF6	25	0.006	2
ORF6	26	0.021	5
ORF6	27	0.017	6
ORF6	28	0.006	2
ORF6	29	0.012	3
ORF6	30	0.006	2
ORF6	31	0.006	2
ORF6	32	0.003	1
ORF6	33	0.022	4
ORF6	36	0.003	1
ORF6	39	0.003	1
ORF6	41	0.011	3
ORF6	43	0.003	1
ORF6	48	0.011	3
ORF6	51	0.003	1
ORF6	53	0.003	1
ORF6	54	0.003	1
ORF6	55	0.003	1
ORF6	57	0.015	3
ORF6	60	0.003	1
ORF6	61	0.683	7
ORF7a	3	0.003	1
ORF7a	4	0.006	2
ORF7a	6	0.003	1
ORF7a	8	0.017	6
ORF7a	9	0.012	4
ORF7a	10	0.006	2
ORF7a	11	0.012	4
ORF7a	13	0.03	5
ORF7a	14	0.011	4
ORF7a	16	0.003	1
ORF7a	17	0.011	4
ORF7a	19	0.003	1
ORF7a	21	0.006	2
ORF7a	24	0.012	3
ORF7a	25	0.028	5
ORF7a	26	0.012	4
ORF7a	28	0.025	8
ORF7a	29	0.003	1
ORF7a	30	0.003	1
ORF7a	33	0.006	1
ORF7a	34	0.028	7
ORF7a	36	0.003	1
ORF7a	37	0.01	3
ORF7a	38	0.012	4
ORF7a	39	0.079	9
ORF7a	40	0.082	4
ORF7a	41	0.084	4
ORF7a	42	0.079	3
ORF7a	43	0.078	2
ORF7a	44	0.087	4
ORF7a	45	0.104	7
ORF7a	46	0.081	3
ORF7a	47	0.14	10
ORF7a	48	0.082	2
ORF7a	49	0.079	1
ORF7a	50	0.079	1
ORF7a	51	0.079	1
ORF7a	52	0.079	1
ORF7a	53	0.079	4
ORF7a	54	0.086	5
ORF7a	55	0.085	4
ORF7a	56	0.085	4
ORF7a	57	0.085	4
ORF7a	58	0.085	4
ORF7a	59	0.095	7
ORF7a	60	0.088	6
ORF7a	61	0.094	8
ORF7a	62	0.105	14
ORF7a	63	0.098	11
ORF7a	64	0.088	6
ORF7a	65	0.088	6
ORF7a	66	0.091	7
ORF7a	67	0.088	6
ORF7a	68	0.088	6
ORF7a	69	0.091	7
ORF7a	70	0.097	9
ORF7a	71	0.123	10
ORF7a	72	0.08	6
ORF7a	73	0.091	7
ORF7a	74	0.085	5
ORF7a	75	0.085	5
ORF7a	76	0.086	6
ORF7a	77	0.085	5
ORF7a	78	0.093	7
ORF7a	79	0.082	3
ORF7a	80	0.085	7
ORF7a	81	0.092	7
ORF7a	82	0.281	5
ORF7a	83	0.09	5
ORF7a	84	0.082	2
ORF7a	85	0.075	2
ORF7a	86	0.079	1
ORF7a	87	0.079	1
ORF7a	88	0.085	3
ORF7a	89	0.078	3
ORF7a	90	0.085	6
ORF7a	91	0.082	5
ORF7a	92	0.082	5
ORF7a	93	0.089	5
ORF7a	94	0.104	10
ORF7a	95	0.085	6
ORF7a	96	0.085	5
ORF7a	97	0.08	4
ORF7a	98	0.084	5
ORF7a	99	0.092	7
ORF7a	100	0.096	5
ORF7a	101	0.091	6
ORF7a	102	0.088	4
ORF7a	103	0.089	5
ORF7a	104	0.088	4
ORF7a	105	0.096	11
ORF7a	106	0.073	3
ORF7a	107	0.081	3
ORF7a	108	0.078	2
ORF7a	109	0.099	3
ORF7a	110	0.083	4
ORF7a	111	0.076	4
ORF7a	112	0.078	2
ORF7a	113	0.078	2
ORF7a	114	0.081	3
ORF7a	115	0.081	3
ORF7a	116	0.095	5
ORF7a	117	0.078	2
ORF7a	118	0.081	3
ORF7a	119	0.081	3
ORF7a	120	0.226	11
ORF7b	1	0.003	1
ORF7b	2	0.01	3
ORF7b	3	0.006	2
ORF7b	4	0.012	2
ORF7b	5	0.012	4
ORF7b	6	0.003	1
ORF7b	9	0.003	1
ORF7b	11	0.104	2
ORF7b	13	0.037	5
ORF7b	14	0.009	3
ORF7b	15	0.018	7
ORF7b	16	0.01	3
ORF7b	18	0.003	1
ORF7b	19	0.014	2
ORF7b	20	0.003	1
ORF7b	25	0.003	1
ORF7b	31	0.008	3
ORF7b	32	0.012	4
ORF7b	33	0.006	2
ORF7b	36	0.003	1
ORF7b	37	0.003	1
ORF7b	40	0.174	2
ORF7b	41	0.013	1
ORF7b	42	0.031	5
ORF7b	43	0.008	3
ORF8	1	0.003	1
ORF8	2	0.025	2
ORF8	3	0.003	1
ORF8	4	0.006	2
ORF8	5	0.003	1
ORF8	6	0.037	3
ORF8	7	0.009	2
ORF8	8	0.546	11
ORF8	9	0.003	1
ORF8	10	0.025	5
ORF8	11	0.014	3
ORF8	12	0.006	2
ORF8	13	0.006	2
ORF8	14	0.006	2
ORF8	15	0.003	1
ORF8	16	0.01	3
ORF8	17	0.033	3
ORF8	18	0.024	8
ORF8	19	0.006	2
ORF8	20	0.003	1
ORF8	21	0.003	1
ORF8	22	0.003	1
ORF8	23	0.006	2
ORF8	24	0.023	2
ORF8	25	0.01	3
ORF8	26	0.014	5
ORF8	27	0.091	5
ORF8	28	0.009	3
ORF8	29	0.006	2
ORF8	30	0.014	4
ORF8	31	0.012	4
ORF8	32	0.015	5
ORF8	33	0.003	1
ORF8	34	0.006	2
ORF8	35	0.015	4
ORF8	36	0.022	8
ORF8	37	0.012	4
ORF8	38	0.019	5
ORF8	39	0.003	1
ORF8	40	0.006	2
ORF8	41	0.021	2
ORF8	42	0.003	1
ORF8	43	0.003	1
ORF8	44	0.006	2
ORF8	45	0.023	4
ORF8	46	0.006	2
ORF8	47	0.006	2
ORF8	48	0.003	1
ORF8	49	0.003	1
ORF8	50	0.012	4
ORF8	51	0.009	3
ORF8	52	0.097	7
ORF8	53	0.012	4
ORF8	54	0.018	6
ORF8	55	0.003	1
ORF8	56	0.003	1
ORF8	57	0.003	1
ORF8	58	0.012	4
ORF8	59	0.003	1
ORF8	60	0.006	2
ORF8	61	0.003	1
ORF8	62	0.064	23
ORF8	63	0.015	5
ORF8	64	0.012	4
ORF8	65	0.049	13
ORF8	66	0.028	11
ORF8	67	0.075	22
ORF8	68	0.073	12
ORF8	69	0.012	3
ORF8	70	0.003	1
ORF8	71	0.006	2
ORF8	72	0.012	4
ORF8	73	0.087	2
ORF8	74	0.006	2
ORF8	75	0.01	3
ORF8	76	0.006	2
ORF8	77	0.01	3
ORF8	78	0.003	1
ORF8	79	0.003	1
ORF8	80	0.006	2
ORF8	81	0.006	2
ORF8	82	0.003	1
ORF8	83	0.015	3
ORF8	84	0.033	3
ORF8	85	0.015	5
ORF8	86	0.009	3
ORF8	87	0.017	6
ORF8	88	0.006	2
ORF8	89	0.006	2
ORF8	90	0.009	3
ORF8	91	0.003	1
ORF8	92	0.049	3
ORF8	93	0.015	3
ORF8	94	0.003	1
ORF8	95	0.012	4
ORF8	96	0.006	2
ORF8	97	0.006	2
ORF8	98	0.003	1
ORF8	99	0.003	1
ORF8	100	0.006	2
ORF8	101	0.006	2
ORF8	102	0.02	7
ORF8	103	0.012	4
ORF8	104	0.003	1
ORF8	105	0.003	1
ORF8	106	0.022	7
ORF8	107	0.003	1
ORF8	108	0.006	2
ORF8	109	0.003	1
ORF8	111	0.003	1
ORF8	114	0.02	6
ORF8	115	0.006	2
ORF8	116	0.011	4
ORF8	118	0.014	4
ORF8	119	0.205	3
ORF8	120	0.219	9
ORF8	121	0.093	40
N	2	0.014	2
N	3	0.096	3
N	5	0.006	2
N	6	0.012	4
N	7	0.006	2
N	9	0.022	2
N	10	0.011	2
N	12	0.016	3
N	13	0.459	15
N	14	0.006	2
N	16	0.006	2
N	17	0.003	1
N	18	0.018	6
N	19	0.003	1
N	21	0.006	1
N	22	0.009	3
N	23	0.003	1
N	24	0.015	5
N	25	0.014	3
N	27	0.013	1
N	28	0.006	2
N	30	0.152	22
N	31	0.46	25
N	32	0.463	22
N	33	0.596	46
N	34	0.017	5
N	35	0.012	4
N	36	0.006	2
N	37	0.013	4
N	38	0.003	1
N	39	0.006	1
N	40	0.008	3
N	41	0.006	2
N	46	0.003	1
N	49	0.011	3
N	50	0.006	1
N	55	0.003	1
N	63	0.213	6
N	67	0.023	3
N	68	0.006	1
N	70	0.003	1
N	72	0.003	1
N	74	0.003	1
N	76	0.003	1
N	77	0.003	1
N	78	0.003	1
N	79	0.011	3
N	80	0.045	3
N	90	0.015	5
N	93	0.003	1
N	95	0.003	1
N	97	0.006	2
N	101	0.003	1
N	103	0.01	3
N	119	0.015	4
N	120	0.006	2
N	122	0.003	1
N	124	0.003	1
N	125	0.003	1
N	128	0.008	3
N	131	0.006	2
N	134	0.008	3
N	135	0.022	8
N	136	0.557	4
N	137	0.003	1
N	139	0.006	2
N	140	0.003	1
N	141	0.006	2
N	142	0.008	2
N	144	0.018	6
N	147	0.003	1
N	148	0.003	1
N	151	0.105	4
N	152	0.014	4
N	154	0.006	2
N	155	0.017	3
N	160	0.003	1
N	161	0.008	3
N	162	0.006	2
N	163	0.003	1
N	164	0.003	1
N	165	0.003	1
N	166	0.003	1
N	167	0.003	1
N	168	0.016	5
N	171	0.003	1
N	178	0.003	1
N	179	0.006	2
N	183	0.003	1
N	185	0.003	1
N	187	0.006	1
N	190	0.006	2
N	191	0.009	3
N	193	0.003	1
N	194	0.039	4
N	195	0.009	2
N	197	0.016	3
N	199	0.029	5
N	200	0.009	3
N	201	0.003	1
N	202	0.022	3
N	203	0.416	8
N	204	0.351	9
N	205	0.046	8
N	208	0.015	4
N	209	0.017	5
N	210	0.015	5
N	211	0.058	8
N	212	0.021	7
N	213	0.003	1
N	214	0.015	1
N	215	0.18	4
N	216	0.003	1
N	217	0.003	1
N	218	0.019	2
N	219	0.031	4
N	220	0.026	2
N	221	0.003	1
N	226	0.003	1
N	229	0.003	1
N	230	0.006	1
N	234	0.033	10
N	235	0.083	1
N	236	0.003	1
N	238	0.022	7
N	239	0.003	1
N	241	0.008	1
N	243	0.015	5
N	245	0.003	1
N	247	0.006	2
N	252	0.003	1
N	260	0.006	1
N	265	0.028	4
N	267	0.003	1
N	270	0.006	2
N	271	0.015	5
N	273	0.003	1
N	276	0.003	1
N	279	0.01	3
N	281	0.006	1
N	288	0.003	1
N	289	0.011	4
N	292	0.013	1
N	293	0.003	1
N	296	0.006	2
N	297	0.003	1
N	300	0.027	3
N	308	0.003	1
N	322	0.008	3
N	325	0.003	1
N	326	0.006	2
N	327	0.011	4
N	329	0.003	1
N	334	0.003	1
N	336	0.003	1
N	340	0.003	1
N	341	0.006	2
N	343	0.017	1
N	344	0.025	3
N	351	0.003	1
N	352	0.003	1
N	359	0.006	2
N	361	0.003	1
N	362	0.015	4
N	364	0.012	4
N	365	0.011	3
N	366	0.024	7
N	367	0.003	1
N	368	0.018	6
N	369	0.003	1
N	370	0.006	2
N	371	0.006	2
N	372	0.003	1
N	373	0.015	5
N	374	0.003	1
N	375	0.003	1
N	376	0.018	5
N	377	0.212	5
N	378	0.012	4
N	379	0.013	4
N	380	0.006	2
N	381	0.006	2
N	382	0.003	1
N	383	0.028	9
N	384	0.009	3
N	385	0.012	4
N	386	0.003	1
N	387	0.009	3
N	388	0.006	2
N	389	0.006	2
N	390	0.003	1
N	391	0.014	5
N	392	0.006	2
N	393	0.006	2
N	394	0.003	1
N	395	0.006	2
N	396	0.003	1
N	397	0.003	1
N	398	0.009	3
N	399	0.013	4
N	400	0.003	1
N	401	0.006	2
N	402	0.009	3
N	403	0.003	1
N	404	0.003	1
N	405	0.003	1
N	406	0.003	1
N	407	0.003	1
N	410	0.003	1
N	412	0.003	1
N	413	0.499	15
N	414	0.006	2
N	415	0.009	2
N	416	0.006	2
N	417	0.003	1
N	418	0.012	3
ORF9b	2	0.012	4
ORF9b	3	0.012	4
ORF9b	4	0.003	1
ORF9b	5	0.163	5
ORF9b	6	0.022	2
ORF9b	7	0.014	3
ORF9b	8	0.006	2
ORF9b	9	0.016	3
ORF9b	10	0.923	22
ORF9b	13	0.012	4
ORF9b	14	0.006	2
ORF9b	15	0.006	2
ORF9b	16	0.368	3
ORF9b	17	0.009	3
ORF9b	18	0.006	2
ORF9b	20	0.003	1
ORF9b	24	0.016	2
ORF9b	25	0.009	3
ORF9b	26	0.126	4
ORF9b	27	0.491	46
ORF9b	28	0.459	23
ORF9b	29	0.573	26
ORF9b	30	0.126	4
ORF9b	31	0.009	2
ORF9b	32	0.031	10
ORF9b	33	0.014	4
ORF9b	35	0.003	1
ORF9b	36	0.009	2
ORF9b	37	0.006	2
ORF9b	38	0.012	4
ORF9b	40	0.031	2
ORF9b	43	0.003	1
ORF9b	47	0.018	4
ORF9b	50	0.022	8
ORF9b	51	0.021	8
ORF9b	54	0.003	1
ORF9b	55	0.039	1
ORF9b	57	0.011	4
ORF9b	58	0.003	1
ORF9b	60	0.227	8
ORF9b	64	0.003	1
ORF9b	65	0.006	1
ORF9b	67	0.003	1
ORF9b	70	0.009	3
ORF9b	71	0.003	1
ORF9b	72	0.011	4
ORF9b	73	0.003	1
ORF9b	74	0.006	2
ORF9b	76	0.021	4
ORF9b	77	0.042	2
ORF9b	79	0.008	3
ORF9b	80	0.003	1
ORF9b	83	0.024	4
ORF9b	85	0.006	2
ORF9b	86	0.008	3
ORF9b	89	0.037	2
ORF9b	90	0.003	1
ORF9b	92	0.003	1
ORF9b	95	0.003	1
ORF9b	98	0.003	1
